PRAGMA foreign_keys=OFF;
BEGIN TRANSACTION;
CREATE TABLE IF NOT EXISTS "_prisma_migrations" (
    "id"                    TEXT PRIMARY KEY NOT NULL,
    "checksum"              TEXT NOT NULL,
    "finished_at"           DATETIME,
    "migration_name"        TEXT NOT NULL,
    "logs"                  TEXT,
    "rolled_back_at"        DATETIME,
    "started_at"            DATETIME NOT NULL DEFAULT current_timestamp,
    "applied_steps_count"   INTEGER UNSIGNED NOT NULL DEFAULT 0
);
INSERT INTO _prisma_migrations VALUES('6c6d78aa-9c5e-482d-9b12-8f95d4a5060f','fd5bfe98be50ffa6e317c7f059e40921ccf0d8dcb9c43f1dabfff9ca9a70187a',1783506382469,'20260708011515_init',NULL,NULL,1783506382467,1);
INSERT INTO _prisma_migrations VALUES('d1ea0822-25c7-4ea8-bae1-897a01c90f41','804a5de963f8dbc5809ff96f1ba2638407b4e27dab23aac248070a03815f74f6',1783506382471,'20260708023427_wireframe_version',NULL,NULL,1783506382470,1);
INSERT INTO _prisma_migrations VALUES('d6f1817f-e17f-430f-9cc0-50832fcc3b89','24c4aaeddaab6530ab9dd3136cced065a45c79051ad3046ba7d5596c15272e40',1783506382472,'20260708044615_issue_links',NULL,NULL,1783506382471,1);
INSERT INTO _prisma_migrations VALUES('dd1beeab-6e9e-47d1-8b7e-4015c575fafb','c8648317280234e8eb614b79b3a2efde9eba169038fd683aec06f71789050088',1783506382474,'20260708053757_add_domain',NULL,NULL,1783506382472,1);
INSERT INTO _prisma_migrations VALUES('c012c9d4-9a10-4a90-9e88-ef3a921caf4b','829fb83ebc80089dffc41f28373cbd0769e4ec7fa5a1ab5d97135f02aa39c701',1783506382475,'20260708070936_plan_versions',NULL,NULL,1783506382474,1);
INSERT INTO _prisma_migrations VALUES('672ee3ef-5e52-4a8a-8265-a2d55c1c0fd7','c8b32328faf1e56dab9386f1a3ffa5c20ff378789c4e694820a8d800be762588',1783506382475,'20260708073735_plan_version_label',NULL,NULL,1783506382475,1);
INSERT INTO _prisma_migrations VALUES('3c8c266e-8f81-4be6-acc6-9813e6277cb8','14d26aa10c1fb5712c1cdffb95086c178294199b5bc24325a186ba39ff67a127',1783509162781,'20260708111242_add_domain_lifecycle',NULL,NULL,1783509162780,1);
INSERT INTO _prisma_migrations VALUES('020c7a98-1ac6-4450-9536-509fed953d90','ebd67a06cd6a3927cc127344ad643bd4bc952432ebfb269804fded0e58203b95',1783518979024,'20260708135619_add_wireframe_sequence',NULL,NULL,1783518979022,1);
CREATE TABLE IF NOT EXISTS "Project" (
    "id" TEXT NOT NULL PRIMARY KEY,
    "name" TEXT NOT NULL,
    "description" TEXT,
    "repoPath" TEXT,
    "createdAt" DATETIME NOT NULL DEFAULT CURRENT_TIMESTAMP,
    "updatedAt" DATETIME NOT NULL
);
INSERT INTO Project VALUES('cmrby3y0000001znnofoo0a53','추노','장소와 관계없이 실시간 GPS 기반으로 러닝 거리를 경쟁하는 모바일 앱 (Android/iOS). 방을 만들어 참가자들이 목표 거리를 먼저 완주한 순서로 등수를 겨룬다.','/Users/jeangho293/vscode/chuno-run',1783507152096,1783507152096);
CREATE TABLE IF NOT EXISTS "Plan" (
    "id" TEXT NOT NULL PRIMARY KEY,
    "projectId" TEXT NOT NULL,
    "title" TEXT NOT NULL,
    "content" TEXT NOT NULL,
    "status" TEXT NOT NULL DEFAULT 'draft',
    "version" INTEGER NOT NULL DEFAULT 1,
    "createdAt" DATETIME NOT NULL DEFAULT CURRENT_TIMESTAMP,
    "updatedAt" DATETIME NOT NULL,
    CONSTRAINT "Plan_projectId_fkey" FOREIGN KEY ("projectId") REFERENCES "Project" ("id") ON DELETE CASCADE ON UPDATE CASCADE
);
INSERT INTO "Plan" VALUES('cmrby4wah00021znnga9fbhfq','cmrby3y0000001znnofoo0a53','1차 MVP 기획서',unistr('# 추노\u000a\u000a## 1. 개요 / 목적\u000a\u000a> 🎯 **목적** — 장소에 상관없이, 실시간 GPS로 각자 뛰면서 "누가 목표 거리에 먼저 도달하는가"를 겨루는 경쟁 러닝 앱.\u000a\u000a같은 트랙에 모이지 않아도 방 하나로 원격 러닝 대결이 성립한다. 러닝을 습관화하고 싶지만 동기부여가 부족한 사람에게 "혼자 뛰어도 함께 경쟁하는" 경험을 제공한다. 1차 MVP는 Android/iOS 두 플랫폼을 Flutter 단일 코드베이스로 동시 지원하며, 소셜 로그인 → **최초 온보딩(약관 동의·프로필 설정)** → 방 생성 → 대기 → 실시간 경주 → 등수 판정 → 결과의 한 사이클을 안정적으로 완주시키는 것을 목표로 한다. 위치 정보를 상시 수집하는 서비스 특성상, 최초 가입 시 개인정보·위치기반서비스 약관 동의를 필수로 받는다.\u000a\u000a## 2. 타깃 사용자 & 유스케이스\u000a\u000a| 페르소나 | 니즈 | 핵심 유스케이스 |\u000a| --- | --- | --- |\u000a| 동기부여가 필요한 러너 | 혼자 뛰면 지루하고 꾸준하지 못함 | 친구와 방을 만들어 목표 거리 대결, 이겨서 성취감을 얻는다 |\u000a| 원격의 지인 그룹 | 서로 다른 지역에 살아 같이 못 뜀 | 각자 동네에서 같은 방에 입장해 동시에 스타트, 실시간 순위를 본다 |\u000a| 가벼운 경쟁을 즐기는 사람 | 기록 경쟁·게임성 | 짧은 거리(예: 3km) 방에 참여해 빠르게 승부를 낸다 |\u000a| 신규 가입자 | 안심하고 서비스를 시작하고 싶음 | 최초 로그인 후 약관·개인정보 동의와 닉네임 설정을 마치고 서비스에 진입한다 |\u000a\u000a## 3. 핵심 기능 (MVP)\u000a\u000a| 우선순위 | 기능 | 설명 |\u000a| --- | --- | --- |\u000a| 높음 | 소셜 로그인 | 카카오 / 구글 / 애플 인증으로 가입·로그인 (자체 이메일 가입 없음) |\u000a| 높음 | 온보딩 & 약관 동의 | 최초 가입 시 필수 약관(서비스 이용약관·개인정보 수집·이용·위치기반서비스 이용약관) 동의, 닉네임 설정. 선택 약관(마케팅 수신)은 건너뛰기 가능. 필수 미동의 시 진입 차단 |\u000a| 높음 | 약관 버전 관리·개정 재동의 | 약관은 버전 단위로 관리한다. 필수 약관이 개정되면 재로그인 시 변경된 약관만 재동의 요구 |\u000a| 높음 | 방 생성 | 목표 거리·제한 시간·시작 시간·최대 인원을 설정해 방 개설 |\u000a| 높음 | 방 목록 / 입장 | 모집 중 상태의 방에만 입장 가능. 지각 입장 없음 |\u000a| 높음 | 대기실 & 방장 관리 | 현 인원/정원·참가자 목록·시작 카운트다운·완주 기준 페이스 표시. 모집 중 방장이 목표 거리·제한 시간·최대 인원 수정 및 참가자 강퇴 가능 |\u000a| 높음 | 자동 모집 마감·취소 | 시작 10분 전 모집 마감. 이 시점에 참가자 2명 미만이면 경주 자동 취소 |\u000a| 높음 | 실시간 GPS 러닝 | 디바이스 GPS로 이동 거리 누적, WebSocket으로 참가자 위치/거리 실시간 동기화 |\u000a| 높음 | 실시간 리더보드 | 경주 중 참가자 순위·거리·페이스를 실시간 표시 |\u000a| 높음 | 등수 판정 | 클라이언트 GPS 기반으로 목표 도달 순서에 따라 등수 확정. 동시 도달 시 공동 순위. 미완주·중도 이탈자는 완주자 뒤 누적 거리순 |\u000a| 보통 | 결과 & 경주 이력 | 경주 종료 후 사용자별 경주 이력에서 결과(등수·거리·시간·페이스) 조회 |\u000a| 낮음 | 경주 중 지도 표시 | 러닝 화면에 본인 경로/지도 표시 (여력 시) |\u000a\u000a> 📌 **참고** — 방(Room)의 상태와 전이 규칙은 도메인 문서(`/ib-domain`)에서 정의한다. 약관 동의는 **Agreement(약관 마스터: 유형·버전·필수 여부·본문)** 와 **UserConsent(사용자별 동의 이력: 약관·동의 여부·동의 시각)** 도메인으로 관리한다 (정의 완료).\u000a\u000a## 4. 범위 밖 (Out of Scope)\u000a\u000a> ⚠️ **범위 밖** — 이번 1차 MVP에서 하지 않는다.\u000a> - 부정행위 방지 (GPS 스푸핑·차량 이동 탐지 등) — 차기 버전에서 검토\u000a> - GPS 튐(순간 거리 급증) 보정 — 이번 MVP에서는 무시\u000a> - 서버 측 목표 도달 재검증 (MVP는 클라이언트 판정)\u000a> - 약관 원문(법무 문안) 작성 자체 — 법무/운영 영역, 기획은 동의 흐름·데이터만 다룸\u000a> - 별도 개인정보 관리 화면(동의 철회·다운로드 등) — 차기 버전\u000a> - 만 14세 미만 연령 확인·법정대리인 동의 — 이번 MVP에서 제외\u000a> - 소셜 기능 (친구, 팔로우, 채팅)\u000a> - 랭킹/리그/시즌, 리워드·포인트\u000a> - 코스 지정형(특정 경로 완주), 팀전\u000a> - 웨어러블(스마트워치) 연동\u000a> - 자체 이메일/비밀번호 회원가입\u000a\u000a## 5. 비기능 요구사항\u000a\u000a| 항목 | 요구사항/기준 |\u000a| --- | --- |\u000a| 플랫폼 | Flutter 단일 코드베이스로 Android / iOS 동시 지원 |\u000a| 실시간성 | 리더보드/위치 동기화 지연 수 초 이내 (WebSocket) |\u000a| 개인정보/약관 | 필수 약관 동의 없이는 서비스 이용 불가. 동의 이력(약관 유형·버전·동의 시각)을 보관하고 개인정보보호법·위치정보법을 준수 |\u000a| 위치 권한 | 위치 권한(백그라운드 포함)은 필수. 거부 시 앱 사용 불가 처리 |\u000a| 위치 정확도 | GPS 이동 거리 오차 허용 범위 내, 백그라운드 위치 추적 지원 |\u000a| 안정성 | 방 생성 → 경주 완료까지 크래시 없이 완주 가능 |\u000a| 복원력 | 러닝 중 네트워크 단절 시 재연결·거리 재동기화 처리 |\u000a| 인증/보안 | OAuth 기반 소셜 로그인 (카카오/구글/애플) |\u000a| 배터리 | 지속 GPS 추적에도 실사용 가능한 배터리 소모 수준 |\u000a\u000a## 6. 성공 지표\u000a\u000a| 지표 | 목표값 | 측정 방법 |\u000a| --- | --- | --- |\u000a| 온보딩 완료율 | 로그인 사용자의 90% 이상이 약관 동의·닉네임 설정까지 완료 | 온보딩 단계별 이벤트 로그 |\u000a| 경주 완주율 | 시작한 경주의 95% 이상 크래시 없이 결과 도달 | 세션 로그/크래시 리포트 |\u000a| 리더보드 동기화 지연 | 평균 3초 이내 | 서버-클라이언트 타임스탬프 비교 |\u000a| 거리 측정 오차 | 실측 대비 ±5% 이내 | 기준 코스 실측 테스트 |\u000a| 리텐션(참고) | 첫 경주 후 재참여율 측정 | 사용자별 경주 참여 이벤트 |\u000a\u000a## 7. 테스트 시나리오\u000a\u000a| # | 시나리오 | 절차 (핵심 흐름) | 기대 결과 |\u000a| --- | --- | --- | --- |\u000a| 1 | 소셜 로그인 | 앱 실행 → 카카오/구글/애플 중 선택 → 인증 | 로그인 성공 |\u000a| 2 | 최초 온보딩 | 최초 로그인 → 필수 약관 전체 동의 + 닉네임 입력 → 완료 | 홈 진입, 동의 이력 저장 |\u000a| 3 | 필수 약관 미동의 | 온보딩에서 필수 약관 일부 미동의 상태로 진행 시도 | 진행 버튼 비활성/차단, 진입 불가 |\u000a| 4 | 재로그인 스킵 | 이미 온보딩 완료한 사용자가 재로그인 | 온보딩 생략, 곧바로 홈 |\u000a| 5 | 약관 개정 재동의 | 필수 약관 개정(새 버전) 후 기존 사용자 로그인 | 변경된 약관만 재동의 화면 노출, 동의 후 진입 |\u000a| 6 | 방 생성·입장 | 홈 → 방 생성(거리·시간·정원 입력) → 다른 사용자 입장 | 대기실에 현 인원/정원·참가자 반영, 모집 중 상태 |\u000a| 7 | 방장 조건 수정·강퇴 | 모집 중 방장이 목표 거리 변경, 참가자 강퇴 | 변경 즉시 반영(페이스 재계산), 강퇴된 사용자 방에서 제거 |\u000a| 8 | 지각 입장 차단 | 모집 마감/경기 중 방에 입장 시도 | 입장 거부 |\u000a| 9 | 자동 취소 | 시작 10분 전(모집 마감) 참가자 1명 | 경주 취소, 참가자에 취소 안내 |\u000a| 10 | 동시 스타트 | 2명 이상 유지 → 시작 시간 도달 | 경기 시작, 참가자 전원 동시 스타트 |\u000a| 11 | 실시간 경주 | 각자 러닝 → 거리 누적 전송 | 리더보드에 실시간 순위·거리 갱신 |\u000a| 12 | 등수 판정 (공동 순위) | 참가자들이 목표 거리 도달, 일부 동시 도달 | 도달 순 등수 확정, 동시 도달자는 공동 순위 |\u000a| 13 | 제한 시간 만료·이탈 | 목표 미도달 또는 중도 이탈 상태로 종료 | 완주자 뒤로 누적 거리순 정렬, 경주 종료 |\u000a| 14 | 경주 이력 확인 | 종료 후 사용자 경주 이력 진입 | 최종 등수·개인 기록(거리/시간/페이스) 표시 |\u000a| 15 | 위치 권한 거부 | 위치 권한 거부/미허용 | 앱 사용 불가 안내 화면 |\u000a\u000a## 8. 핵심 가정 / 미결 질문\u000a\u000a> ✅ **확정** — 약관 구성: 필수 = 서비스 이용약관 · 개인정보 수집·이용 동의 · 위치기반서비스 이용약관 / 선택 = 마케팅 정보 수신. (만 14세 이상 확인 제외) · 약관은 **버전 단위로 관리**하고, 개정 시 **변경된 약관만 재동의**. 관련 도메인(Agreement / UserConsent) 정의 완료.\u000a\u000a> 📝 **가정 / 미결** — 확정 안 된 사항 및 의도적 단순화. 착수 전 인지 필요.\u000a> - **약관 원문 확보(미결)**: 실제 약관 문안은 법무 검토 필요 — 기획은 흐름/데이터만 정의.\u000a> - **클라이언트 판정의 신뢰성(의도적 단순화)**: MVP는 목표 도달을 클라이언트 GPS 계산으로 판정하고 GPS 튐도 무시한다. 차기 버전에서 서버 검증·부정행위 방지로 보완 전제.\u000a> - **백엔드 스택 미정**: 서버 언어/프레임워크, WebSocket 서버, DB 선정 필요.\u000a> - **거리 측정 방식**: 순수 GPS 누적 vs 스텝/센서 융합 — 정확도/배터리 트레이드오프.\u000a> - **동시 시작 정합성**: startTime 기준 클라이언트 시계 오차 보정 방식.\u000a> - **백그라운드 추적 정책**: iOS/Android 백그라운드 위치 권한·배터리 정책 대응.\u000a> - **알림 연동(미결)**: 시작 임박·경주 시작/종료 푸시 알림 범위.\u000a> - **진행 중 경주 복귀(미결)**: 앱 강제 종료 후 재실행 시 진행 중 경주 자동 복귀 여부.\u000a> - **가정**: 애플 로그인 포함으로 iOS 소셜 로그인 심사 요건(Sign in with Apple 병행 제공) 충족.\u000a'),'approved',9,1783507196537,1783518156406);
CREATE TABLE IF NOT EXISTS "Domain" (
    "id" TEXT NOT NULL PRIMARY KEY,
    "projectId" TEXT NOT NULL,
    "name" TEXT NOT NULL,
    "description" TEXT,
    "columns" TEXT NOT NULL DEFAULT '[]',
    "status" TEXT NOT NULL DEFAULT 'draft',
    "createdAt" DATETIME NOT NULL DEFAULT CURRENT_TIMESTAMP,
    "updatedAt" DATETIME NOT NULL, "lifecycle" TEXT,
    CONSTRAINT "Domain_projectId_fkey" FOREIGN KEY ("projectId") REFERENCES "Project" ("id") ON DELETE CASCADE ON UPDATE CASCADE
);
INSERT INTO Domain VALUES('cmrbzjtmr00011z1ivhzc2lbk','cmrby3y0000001znnofoo0a53','User','소셜 로그인(카카오/구글/애플)으로 가입한 앱 사용자','[{"name":"id","type":"int","constraints":"PK","description":"사용자 고유 ID"},{"name":"provider","type":"enum(kakao,google,apple)","constraints":"NN","description":"소셜 로그인 제공자"},{"name":"providerUserId","type":"string","constraints":"NN","description":"제공자가 부여한 사용자 식별자"},{"name":"nickname","type":"string","constraints":"NN","description":"표시 이름"},{"name":"profileImageUrl","type":"string","description":"프로필 이미지 URL"},{"name":"createdOn","type":"string","constraints":"NN, default: now()","description":"가입 시각 (YYYY-MM-DD HH:mm:ss)"},{"name":"providerKey","type":"-","constraints":"UQ(provider,providerUserId)","description":"제공자+제공자ID 조합은 유일"}]','approved',1783509572547,1783519750419,NULL);
INSERT INTO Domain VALUES('cmrbzjy7400031z1i4kv14kgo','cmrby3y0000001znnofoo0a53','Room','하나의 경주 세션. 방장이 목표 거리·제한 시간·시작 시각·정원을 설정해 개설하며 상태에 따라 생명주기를 갖는다.','[{"name":"id","type":"int","constraints":"PK","description":"방 고유 ID"},{"name":"hostUserId","type":"int","constraints":"FK→User, NN","description":"방장(생성자)"},{"name":"title","type":"string","description":"방 제목"},{"name":"goalDistanceMeter","type":"int","constraints":"NN","description":"목표 거리 (m)"},{"name":"goalLimitMinutes","type":"int","constraints":"NN","description":"제한 시간 (분)"},{"name":"startOn","type":"string","constraints":"NN","description":"예정 시작 시각 (YYYY-MM-DD HH:mm:ss)"},{"name":"capacity","type":"int","constraints":"NN","description":"최대 수용 인원"},{"name":"status","type":"enum(recruiting,ready,live,finished,canceled)","constraints":"NN, default: recruiting","description":"방 상태 (모집 중·모집 마감·경기 중·종료·취소)"},{"name":"finishedOn","type":"string","description":"경기 종료 시각 (YYYY-MM-DD HH:mm:ss)"},{"name":"createdOn","type":"string","constraints":"NN, default: now()","description":"방 생성 시각 (YYYY-MM-DD HH:mm:ss)"}]','approved',1783509578464,1783519765730,'{"states":[{"name":"recruiting","description":"모집 중 — 입장·방장 수정·강퇴 가능"},{"name":"ready","description":"모집 마감 — 시작 10분 전, 입장 불가"},{"name":"live","description":"경기 중"},{"name":"finished","description":"종료"},{"name":"canceled","description":"취소 — 모집 마감 시점 2명 미만"}],"transitions":[{"from":"[*]","to":"recruiting"},{"from":"recruiting","to":"ready","on":"시작 10분 전 모집 마감"},{"from":"ready","to":"canceled","on":"참가자 2명 미만"},{"from":"ready","to":"live","on":"시작 시간 도달"},{"from":"live","to":"finished","on":"전원 완주·제한시간 만료"},{"from":"finished","to":"[*]"},{"from":"canceled","to":"[*]"}]}');
INSERT INTO Domain VALUES('cmrbzmtbf00051z1i7c5sjkag','cmrby3y0000001znnofoo0a53','Participant','사용자의 특정 방 참가 기록. 입장부터 경주 결과(등수·누적 거리·완주 시각)까지를 담으며, 경주 이력 조회의 단위가 된다.','[{"name":"id","type":"int","constraints":"PK","description":"참가 기록 고유 ID"},{"name":"roomId","type":"int","constraints":"FK→Room, NN","description":"참가한 방"},{"name":"userId","type":"int","constraints":"FK→User, NN","description":"참가한 사용자"},{"name":"status","type":"enum(joined,running,finished,dnf,kicked)","constraints":"NN, default: joined","description":"참가 상태 (입장·경주 중·완주·중도이탈·강퇴)"},{"name":"currentDistance","type":"int","constraints":"NN, default: 0","description":"누적 이동 거리 (m)"},{"name":"finishedOn","type":"string","description":"목표 거리 도달 시각 (YYYY-MM-DD HH:mm:ss, 등수 산정 기준)"},{"name":"finalRank","type":"int","description":"최종 등수 (동시 도달 시 공동 순위)"},{"name":"joinedOn","type":"string","constraints":"NN, default: now()","description":"입장 시각 (YYYY-MM-DD HH:mm:ss)"},{"name":"membership","type":"-","constraints":"UQ(roomId,userId)","description":"한 방에 같은 사용자 중복 참가 불가"}]','draft',1783509712107,1783510652023,'{"states":[{"name":"joined","description":"입장(대기)"},{"name":"running","description":"경주 중"},{"name":"finished","description":"완주 — 목표 거리 도달"},{"name":"dnf","description":"중도 이탈 / 제한시간 내 미완주"},{"name":"kicked","description":"방장에 의해 강퇴"}],"transitions":[{"from":"[*]","to":"joined","on":"입장"},{"from":"joined","to":"kicked","on":"방장 강퇴"},{"from":"joined","to":"running","on":"경기 시작"},{"from":"running","to":"finished","on":"목표 거리 도달"},{"from":"running","to":"dnf","on":"중도 이탈·제한시간 만료"},{"from":"finished","to":"[*]"},{"from":"dnf","to":"[*]"},{"from":"kicked","to":"[*]"}]}');
INSERT INTO Domain VALUES('cmrbzmz4s00071z1ipkw8dtas','cmrby3y0000001znnofoo0a53','TrackPoint','경주 중 참가자의 GPS 위치 기록. 거리 누적 계산과 경주 중 경로/지도 표시의 원천 데이터.','[{"name":"id","type":"int","constraints":"PK","description":"위치 기록 고유 ID"},{"name":"participantId","type":"int","constraints":"FK→Participant, NN","description":"위치를 기록한 참가자"},{"name":"latitude","type":"float","constraints":"NN","description":"위도"},{"name":"longitude","type":"float","constraints":"NN","description":"경도"},{"name":"cumulativeDistance","type":"int","description":"해당 시점 누적 거리 (m)"},{"name":"recordedOn","type":"string","constraints":"NN","description":"측정 시각 (YYYY-MM-DD HH:mm:ss)"}]','draft',1783509719645,1783510656098,NULL);
INSERT INTO Domain VALUES('cmrc4i1j8000v1z185z3b2pdk','cmrby3y0000001znnofoo0a53','Agreement','약관 마스터. 서비스 이용약관·개인정보 수집·이용·위치기반서비스(필수)와 마케팅 수신(선택) 약관을 버전 단위로 관리한다. 타입당 active 버전은 항상 1개만 존재한다.','[{"name":"id","type":"int","constraints":"PK","description":"약관 고유 ID"},{"name":"type","type":"enum(service,privacy,location,marketing)","constraints":"NN","description":"약관 유형 (서비스 이용·개인정보 수집·위치기반·마케팅)"},{"name":"version","type":"string","constraints":"NN","description":"약관 버전 (예: 1.0)"},{"name":"required","type":"boolean","constraints":"NN","description":"필수 동의 여부 (marketing만 false)"},{"name":"status","type":"enum(pending,active,archived)","constraints":"NN, default: pending","description":"약관 상태 (시행일 전 대기·시행 중·개정으로 보관)"},{"name":"title","type":"string","constraints":"NN","description":"약관 제목"},{"name":"content","type":"text","description":"약관 본문 (장문)"},{"name":"expectedActivatedOn","type":"string","constraints":"NN","description":"시행 예정일 (YYYY-MM-DD HH:mm:ss)"},{"name":"typeVersion","type":"-","constraints":"UQ(type,version)","description":"유형+버전 조합은 유일"},{"name":"oneActivePerType","type":"-","constraints":"UQ(type) WHERE status=active","description":"불변식 — 타입당 active 버전은 최대 1개 (부분 유니크 인덱스)"}]','approved',1783517887556,'2026-07-08 14:15:17','{"states":[{"name":"pending","description":"시행일 전 대기 — 아직 효력 없음"},{"name":"active","description":"시행 중 — 타입당 1개만 존재"},{"name":"archived","description":"개정으로 보관 — 신규 버전 active 시 이전 버전이 전이"}],"transitions":[{"from":"[*]","to":"pending","on":"약관 등록"},{"from":"pending","to":"active","on":"시행일 도래·활성화"},{"from":"active","to":"archived","on":"신규 버전 활성화"},{"from":"archived","to":"[*]"}]}');
INSERT INTO Domain VALUES('cmrc4i7x7000x1z18dy48lysi','cmrby3y0000001znnofoo0a53','UserConsent','사용자별 약관 동의 이력. 어떤 약관(버전)에 언제 동의/미동의했는지를 감사·분쟁 대비로 보존한다.','[{"name":"id","type":"int","constraints":"PK","description":"동의 기록 고유 ID"},{"name":"userId","type":"int","constraints":"FK→User, NN","description":"동의한 사용자"},{"name":"agreementId","type":"int","constraints":"FK→Agreement, NN","description":"대상 약관(버전)"},{"name":"isAgreed","type":"boolean","constraints":"NN","description":"동의 여부 (선택 약관은 false로 남길 수 있음)"},{"name":"consentedOn","type":"string","constraints":"NN","description":"동의/처리 시각 (YYYY-MM-DD HH:mm:ss)"},{"name":"userAgreement","type":"-","constraints":"UQ(userId,agreementId)","description":"한 사용자는 동일 약관(버전)에 한 번만 기록"}]','approved',1783517895835,1783519775169,NULL);
CREATE TABLE IF NOT EXISTS "Issue" (
    "id" TEXT NOT NULL PRIMARY KEY,
    "projectId" TEXT NOT NULL,
    "title" TEXT NOT NULL,
    "body" TEXT NOT NULL,
    "status" TEXT NOT NULL DEFAULT 'todo',
    "priority" TEXT NOT NULL DEFAULT 'medium',
    "labels" TEXT NOT NULL DEFAULT '[]',
    "parentId" TEXT,
    "planId" TEXT,
    "screenId" TEXT,
    "domainId" TEXT,
    "version" INTEGER NOT NULL DEFAULT 1,
    "createdAt" DATETIME NOT NULL DEFAULT CURRENT_TIMESTAMP,
    "updatedAt" DATETIME NOT NULL,
    CONSTRAINT "Issue_projectId_fkey" FOREIGN KEY ("projectId") REFERENCES "Project" ("id") ON DELETE CASCADE ON UPDATE CASCADE,
    CONSTRAINT "Issue_parentId_fkey" FOREIGN KEY ("parentId") REFERENCES "Issue" ("id") ON DELETE SET NULL ON UPDATE CASCADE,
    CONSTRAINT "Issue_planId_fkey" FOREIGN KEY ("planId") REFERENCES "Plan" ("id") ON DELETE SET NULL ON UPDATE CASCADE,
    CONSTRAINT "Issue_domainId_fkey" FOREIGN KEY ("domainId") REFERENCES "Domain" ("id") ON DELETE SET NULL ON UPDATE CASCADE
);
INSERT INTO Issue VALUES('cmrc5xz6b000b1zkpqyae6533','cmrby3y0000001znnofoo0a53','[Auth] 소셜 로그인',unistr('카카오/구글/애플 소셜 로그인으로 가입·로그인한다. (자체 이메일 가입 없음)\u000a\u000a## 범위\u000a- 카카오 / 구글 / 애플 OAuth 연동\u000a- 신규/기존 사용자 판별 (User.provider + providerUserId)\u000a- 로그인 세션/토큰 관리, 자동 로그인\u000a\u000a## 완료 조건\u000a- 세 제공자로 각각 로그인 성공 → 인증 완료\u000a- 최초 사용자는 온보딩으로, 기존 사용자는 홈으로 분기\u000a- iOS에서 Sign in with Apple 병행 제공(심사 요건)\u000a\u000a관련 화면: login / 관련 도메인: User'),'todo','high','["auth"]',NULL,'cmrby4wah00021znnga9fbhfq','login','cmrbzjtmr00011z1ivhzc2lbk',14,1783520310612,1783522941642);
INSERT INTO Issue VALUES('cmrc5y54o000d1zkp8hyykjkb','cmrby3y0000001znnofoo0a53','[Onboarding] 최초 온보딩 · 약관 동의',unistr('최초 로그인(회원가입) 시 약관 동의와 프로필(닉네임) 설정을 마쳐야 서비스에 진입한다.\u000a\u000a## 범위\u000a- 필수 약관(서비스 이용약관·개인정보 수집·이용·위치기반서비스) + 선택 약관(마케팅) 동의\u000a- 닉네임 설정\u000a- 동의 이력 저장, 약관 버전 관리·개정 재동의\u000a\u000a## 완료 조건\u000a- 필수 약관 미동의 또는 닉네임 미입력 시 진입 차단\u000a- 온보딩 완료 시 동의 이력(UserConsent) 저장 후 홈 진입\u000a- 재로그인 시 온보딩 스킵, 필수 약관 개정 시 변경분 재동의\u000a\u000a관련 화면: onboarding / 관련 도메인: Agreement, UserConsent, User'),'todo','high','["onboarding","auth"]',NULL,'cmrby4wah00021znnga9fbhfq','onboarding','cmrc4i1j8000v1z185z3b2pdk',1,1783520318328,1783520318328);
INSERT INTO Issue VALUES('cmrc5y7mw000f1zkpe26zkowk','cmrby3y0000001znnofoo0a53','[Room] 방(경주 세션) 관리',unistr('경주 세션인 방을 생성·조회·입장하고, 대기실에서 방장 관리와 자동 모집 마감/취소를 처리한다.\u000a\u000a## 범위\u000a- 방 생성 (목표 거리·제한 시간·시작 시간·최대 인원)\u000a- 방 목록/입장 (모집 중만 입장, 지각 입장 없음)\u000a- 대기실: 참가자 목록·카운트다운·완주 기준 페이스, 방장 조건 수정·강퇴\u000a- 자동 모집 마감(시작 10분 전)·2명 미만 시 자동 취소\u000a\u000a## 완료 조건\u000a- Room 상태 흐름(recruiting→ready→live→finished, ready→canceled) 준수\u000a- 각 세부 기능은 하위 이슈 참조\u000a\u000a관련 도메인: Room'),'todo','high','["room"]',NULL,'cmrby4wah00021znnga9fbhfq',NULL,'cmrbzjy7400031z1i4kv14kgo',1,1783520321576,1783520321576);
INSERT INTO Issue VALUES('cmrc5ys21000h1zkpe8natml1','cmrby3y0000001znnofoo0a53','[Auth] OAuth 제공자 연동 (카카오·구글·애플)',unistr('각 소셜 제공자 OAuth 플로우를 연동하고 콜백에서 User를 조회/생성한다.\u000a\u000a## 완료 조건\u000a- 카카오·구글·애플 각각 인증 성공 후 provider·providerUserId로 User upsert\u000a- UQ(provider, providerUserId) 위반 없이 기존 계정 재사용\u000a- 애플: Sign in with Apple(iOS 필수)'),'todo','high','["auth"]','cmrc5xz6b000b1zkpqyae6533','cmrby4wah00021znnga9fbhfq','login','cmrbzjtmr00011z1ivhzc2lbk',1,1783520348041,1783520348041);
INSERT INTO Issue VALUES('cmrc5ytlo000j1zkpjku9hvg9','cmrby3y0000001znnofoo0a53','[Auth] 로그인 세션·토큰 관리 및 신규/기존 분기',unistr('로그인 성공 후 세션/토큰을 발급·유지하고 자동 로그인을 지원한다. 온보딩 완료 여부로 진입 화면을 분기한다.\u000a\u000a## 완료 조건\u000a- 토큰 발급·갱신·만료 처리, 앱 재실행 시 자동 로그인\u000a- 최초 사용자(온보딩 미완료)는 온보딩, 기존 사용자는 홈으로 분기'),'todo','high','["auth"]','cmrc5xz6b000b1zkpqyae6533','cmrby4wah00021znnga9fbhfq',NULL,'cmrbzjtmr00011z1ivhzc2lbk',1,1783520350044,1783520350044);
INSERT INTO Issue VALUES('cmrc5yx9u000l1zkpsxusze3a','cmrby3y0000001znnofoo0a53','[Onboarding] 약관 동의 화면 및 필수 검증',unistr('필수/선택 약관 동의 UI와 진입 차단 검증을 구현한다.\u000a\u000a## 완료 조건\u000a- 전체 동의 토글, 개별 약관 보기(본문)\u000a- 필수 약관(서비스·개인정보·위치기반) 미동의 시 진행 차단\u000a- 선택 약관(마케팅)은 미동의로 진행 가능'),'todo','high','["onboarding"]','cmrc5y54o000d1zkp8hyykjkb','cmrby4wah00021znnga9fbhfq','onboarding','cmrc4i1j8000v1z185z3b2pdk',1,1783520354803,1783520354803);
INSERT INTO Issue VALUES('cmrc5z095000n1zkp5l0q57qr','cmrby3y0000001znnofoo0a53','[Onboarding] 닉네임·프로필 설정',unistr('온보딩에서 닉네임을 설정해 User 프로필을 완성한다.\u000a\u000a## 완료 조건\u000a- 닉네임 입력 필수, 미입력 시 진행 차단\u000a- 저장 시 User.nickname 반영'),'todo','high','["onboarding"]','cmrc5y54o000d1zkp8hyykjkb','cmrby4wah00021znnga9fbhfq','onboarding','cmrbzjtmr00011z1ivhzc2lbk',1,1783520358666,1783520358666);
INSERT INTO Issue VALUES('cmrc5z30s000p1zkpaopnjrn4','cmrby3y0000001znnofoo0a53','[Onboarding] 동의 이력 저장 (UserConsent)',unistr('사용자가 동의/미동의한 약관(버전)을 UserConsent로 기록한다.\u000a\u000a## 완료 조건\u000a- 약관별 isAgreed·consentedOn 저장, UQ(userId, agreementId) 준수\u000a- 감사·분쟁 대비로 이력 보존'),'todo','high','["onboarding"]','cmrc5y54o000d1zkp8hyykjkb','cmrby4wah00021znnga9fbhfq',NULL,'cmrc4i7x7000x1z18dy48lysi',1,1783520362252,1783520362252);
INSERT INTO Issue VALUES('cmrc5z60n000r1zkp8qtb397i','cmrby3y0000001znnofoo0a53','[Onboarding] 약관 버전 관리 및 개정 재동의',unistr('약관을 버전 단위로 관리하고, 필수 약관 개정 시 기존 사용자에게 변경분 재동의를 요구한다.\u000a\u000a## 완료 조건\u000a- Agreement 상태 흐름(pending→active→archived) 및 타입당 active 1개 불변식 준수\u000a- 재로그인 시 미동의 상태인 최신 필수 약관이 있으면 재동의 화면 노출'),'todo','high','["onboarding"]','cmrc5y54o000d1zkp8hyykjkb','cmrby4wah00021znnga9fbhfq',NULL,'cmrc4i1j8000v1z185z3b2pdk',1,1783520366136,1783520366136);
INSERT INTO Issue VALUES('cmrc5zc6b000t1zkpvlwyvx9w','cmrby3y0000001znnofoo0a53','[Room] 방 생성',unistr('목표 거리·제한 시간·시작 시간·최대 인원을 설정해 방을 개설한다.\u000a\u000a## 완료 조건\u000a- 방 생성 시 status=recruiting, hostUserId=생성자\u000a- 입력값 검증(거리>0, 시간>0, 정원>=2)'),'todo','high','["room"]','cmrc5y7mw000f1zkpe26zkowk','cmrby4wah00021znnga9fbhfq','room-create','cmrbzjy7400031z1i4kv14kgo',1,1783520374116,1783520374116);
INSERT INTO Issue VALUES('cmrc5zeav000v1zkpaxqklbxf','cmrby3y0000001znnofoo0a53','[Room] 방 목록 · 입장',unistr('참여 가능한 방을 목록으로 보여주고 입장을 처리한다.\u000a\u000a## 완료 조건\u000a- 모집 중(recruiting) 방에만 입장 가능, 지각 입장 없음\u000a- 정원 초과 입장 차단, 모집 중 방에 시작까지 남은 시간 표시(1시간 초과=시간, 이내=분)\u000a- 입장 시 Participant 생성(status=joined)'),'todo','high','["room"]','cmrc5y7mw000f1zkpe26zkowk','cmrby4wah00021znnga9fbhfq','home','cmrbzjy7400031z1i4kv14kgo',1,1783520376871,1783520376871);
INSERT INTO Issue VALUES('cmrc5zgsk000x1zkpv5st1x6l','cmrby3y0000001znnofoo0a53','[Room] 대기실 · 방장 관리',unistr('대기실에서 참가자 목록·카운트다운·완주 기준 페이스를 보여주고, 방장이 조건 수정·강퇴를 수행한다.\u000a\u000a## 완료 조건\u000a- 완주 기준 페이스 = 제한시간 ÷ 목표거리 표시\u000a- 모집 중에만 방장이 목표 거리·제한 시간·최대 인원 수정 및 참가자 강퇴 가능\u000a- 강퇴 시 해당 Participant 제거(status=kicked)'),'todo','high','["room"]','cmrc5y7mw000f1zkpe26zkowk','cmrby4wah00021znnga9fbhfq','waiting-room','cmrbzjy7400031z1i4kv14kgo',1,1783520380100,1783520380100);
INSERT INTO Issue VALUES('cmrc5zii9000z1zkpsve8xueh','cmrby3y0000001znnofoo0a53','[Room] 자동 모집 마감 · 취소',unistr('시작 시간 기준으로 방 상태를 자동 전이한다.\u000a\u000a## 완료 조건\u000a- 시작 10분 전 recruiting→ready(입장 차단)\u000a- ready 진입 시 참가자 2명 미만이면 canceled로 전이 + 참가자 취소 안내\u000a- 시작 시간 도달 시 ready→live'),'todo','high','["room"]','cmrc5y7mw000f1zkpe26zkowk','cmrby4wah00021znnga9fbhfq',NULL,'cmrbzjy7400031z1i4kv14kgo',1,1783520382321,1783520382321);
CREATE TABLE IF NOT EXISTS "PlanVersion" (
    "id" TEXT NOT NULL PRIMARY KEY,
    "planId" TEXT NOT NULL,
    "version" INTEGER NOT NULL,
    "title" TEXT NOT NULL,
    "content" TEXT NOT NULL,
    "status" TEXT NOT NULL,
    "createdAt" DATETIME NOT NULL DEFAULT CURRENT_TIMESTAMP, "label" TEXT,
    CONSTRAINT "PlanVersion_planId_fkey" FOREIGN KEY ("planId") REFERENCES "Plan" ("id") ON DELETE CASCADE ON UPDATE CASCADE
);
INSERT INTO PlanVersion VALUES('cmrbz4tv000041znn7ersip9m','cmrby4wah00021znnga9fbhfq',1,'1차 MVP 기획서',unistr('# 추노\u000a\u000a## 1. 개요 / 목적\u000a\u000a> 🎯 **목적** — 장소에 상관없이, 실시간 GPS로 각자 뛰면서 "누가 목표 거리에 먼저 도달하는가"를 겨루는 경쟁 러닝 앱.\u000a\u000a같은 트랙에 모이지 않아도 방 하나로 원격 러닝 대결이 성립한다. 러닝을 습관화하고 싶지만 동기부여가 부족한 사람에게 "혼자 뛰어도 함께 경쟁하는" 경험을 제공한다. 1차 MVP는 Android/iOS 두 플랫폼을 Flutter 단일 코드베이스로 동시 지원하며, 방 생성 → 대기 → 실시간 경주 → 등수 판정 → 결과의 한 사이클을 안정적으로 완주시키는 것을 목표로 한다.\u000a\u000a## 2. 타깃 사용자 & 유스케이스\u000a\u000a| 페르소나 | 니즈 | 핵심 유스케이스 |\u000a| --- | --- | --- |\u000a| 동기부여가 필요한 러너 | 혼자 뛰면 지루하고 꾸준하지 못함 | 친구와 방을 만들어 목표 거리 대결, 이겨서 성취감을 얻는다 |\u000a| 원격의 지인 그룹 | 서로 다른 지역에 살아 같이 못 뜀 | 각자 동네에서 같은 방에 입장해 동시에 스타트, 실시간 순위를 본다 |\u000a| 가벼운 경쟁을 즐기는 사람 | 기록 경쟁·게임성 | 짧은 거리(예: 3km) 방에 참여해 빠르게 승부를 낸다 |\u000a\u000a## 3. 핵심 기능 (MVP)\u000a\u000a| 우선순위 | 기능 | 설명 |\u000a| --- | --- | --- |\u000a| 높음 | 소셜 로그인 | 카카오 / 구글 / 애플 인증으로 가입·로그인 (자체 이메일 가입 없음) |\u000a| 높음 | 방 생성 | 목표 거리·제한 시간·시작 시간·최대 인원을 설정해 방 개설 |\u000a| 높음 | 방 목록 / 입장 | 모집 중 상태의 방에만 입장 가능. 지각 입장 없음 |\u000a| 높음 | 대기실 & 방장 관리 | 현 인원/정원·참가자 목록·시작 카운트다운 표시. 모집 중 방장이 목표 거리·제한 시간·최대 인원 수정 및 참가자 강퇴 가능 |\u000a| 높음 | 자동 모집 마감·취소 | 시작 10분 전 모집 마감. 이 시점에 참가자 2명 미만이면 경주 자동 취소 |\u000a| 높음 | 실시간 GPS 러닝 | 디바이스 GPS로 이동 거리 누적, WebSocket으로 참가자 위치/거리 실시간 동기화 |\u000a| 높음 | 실시간 리더보드 | 경주 중 참가자 순위·거리·페이스를 실시간 표시 |\u000a| 높음 | 등수 판정 | 클라이언트 GPS 기반으로 목표 도달 순서에 따라 등수 확정. 동시 도달 시 공동 순위. 미완주·중도 이탈자는 완주자 뒤 누적 거리순 |\u000a| 보통 | 결과 & 경주 이력 | 경주 종료 후 사용자별 경주 이력에서 결과(등수·거리·시간·페이스) 조회 |\u000a| 낮음 | 경주 중 지도 표시 | 러닝 화면에 본인 경로/지도 표시 (여력 시) |\u000a\u000a> 📌 **참고** — 방(Room)의 상태(모집 중·모집 마감·경기 중·종료·취소)와 전이 규칙은 도메인 문서(`/ib-domain`)에서 엔티티 속성으로 정의한다.\u000a\u000a## 4. 범위 밖 (Out of Scope)\u000a\u000a> ⚠️ **범위 밖** — 이번 1차 MVP에서 하지 않는다.\u000a> - 부정행위 방지 (GPS 스푸핑·차량 이동 탐지 등) — 차기 버전에서 검토\u000a> - GPS 튐(순간 거리 급증) 보정 — 이번 MVP에서는 무시\u000a> - 서버 측 목표 도달 재검증 (MVP는 클라이언트 판정)\u000a> - 소셜 기능 (친구, 팔로우, 채팅)\u000a> - 랭킹/리그/시즌, 리워드·포인트\u000a> - 코스 지정형(특정 경로 완주), 팀전\u000a> - 웨어러블(스마트워치) 연동\u000a> - 자체 이메일/비밀번호 회원가입\u000a\u000a## 5. 비기능 요구사항\u000a\u000a| 항목 | 요구사항/기준 |\u000a| --- | --- |\u000a| 플랫폼 | Flutter 단일 코드베이스로 Android / iOS 동시 지원 |\u000a| 실시간성 | 리더보드/위치 동기화 지연 수 초 이내 (WebSocket) |\u000a| 위치 권한 | 위치 권한(백그라운드 포함)은 필수. 거부 시 앱 사용 불가 처리 |\u000a| 위치 정확도 | GPS 이동 거리 오차 허용 범위 내, 백그라운드 위치 추적 지원 |\u000a| 안정성 | 방 생성 → 경주 완료까지 크래시 없이 완주 가능 |\u000a| 복원력 | 러닝 중 네트워크 단절 시 재연결·거리 재동기화 처리 |\u000a| 인증/보안 | OAuth 기반 소셜 로그인 (카카오/구글/애플) |\u000a| 배터리 | 지속 GPS 추적에도 실사용 가능한 배터리 소모 수준 |\u000a\u000a## 6. 성공 지표\u000a\u000a| 지표 | 목표값 | 측정 방법 |\u000a| --- | --- | --- |\u000a| 경주 완주율 | 시작한 경주의 95% 이상 크래시 없이 결과 도달 | 세션 로그/크래시 리포트 |\u000a| 리더보드 동기화 지연 | 평균 3초 이내 | 서버-클라이언트 타임스탬프 비교 |\u000a| 거리 측정 오차 | 실측 대비 ±5% 이내 | 기준 코스 실측 테스트 |\u000a| 리텐션(참고) | 첫 경주 후 재참여율 측정 | 사용자별 경주 참여 이벤트 |\u000a\u000a## 7. 테스트 시나리오\u000a\u000a| # | 시나리오 | 절차 (핵심 흐름) | 기대 결과 |\u000a| --- | --- | --- | --- |\u000a| 1 | 소셜 로그인 | 앱 실행 → 카카오/구글/애플 중 선택 → 인증 | 로그인 성공, 홈 진입 |\u000a| 2 | 방 생성·입장 | 홈 → 방 생성(거리·시간·정원 입력) → 다른 사용자 입장 | 대기실에 현 인원/정원·참가자 반영, 모집 중 상태 |\u000a| 3 | 방장 조건 수정·강퇴 | 모집 중 방장이 목표 거리 변경, 참가자 강퇴 | 변경 즉시 반영, 강퇴된 사용자 방에서 제거 |\u000a| 4 | 지각 입장 차단 | 모집 마감/경기 중 방에 입장 시도 | 입장 거부 |\u000a| 5 | 자동 취소 | 시작 10분 전(모집 마감) 참가자 1명 | 경주 취소, 참가자에 취소 안내 |\u000a| 6 | 동시 스타트 | 2명 이상 유지 → 시작 시간 도달 | 경기 시작, 참가자 전원 동시 스타트 |\u000a| 7 | 실시간 경주 | 각자 러닝 → 거리 누적 전송 | 리더보드에 실시간 순위·거리 갱신 |\u000a| 8 | 등수 판정 (공동 순위) | 참가자들이 목표 거리 도달, 일부 동시 도달 | 도달 순 등수 확정, 동시 도달자는 공동 순위 |\u000a| 9 | 제한 시간 만료·이탈 | 목표 미도달 또는 중도 이탈 상태로 종료 | 완주자 뒤로 누적 거리순 정렬, 경주 종료 |\u000a| 10 | 경주 이력 확인 | 종료 후 사용자 경주 이력 진입 | 최종 등수·개인 기록(거리/시간/페이스) 표시 |\u000a| 11 | 위치 권한 거부 | 위치 권한 거부/미허용 | 앱 사용 불가 안내 화면 |\u000a\u000a## 8. 핵심 가정 / 미결 질문\u000a\u000a> 📝 **가정 / 미결** — 확정 안 된 사항 및 의도적 단순화. 착수 전 인지 필요.\u000a> - **클라이언트 판정의 신뢰성(의도적 단순화)**: MVP는 목표 도달을 클라이언트 GPS 계산으로 판정하고 GPS 튐도 무시한다. 조작·오차에 취약하므로 차기 버전에서 서버 검증·부정행위 방지로 보완 전제.\u000a> - **백엔드 스택 미정**: 서버 언어/프레임워크, WebSocket 서버, DB 선정 필요.\u000a> - **거리 측정 방식**: 순수 GPS 누적 vs 스텝/센서 융합 — 정확도/배터리 트레이드오프.\u000a> - **동시 시작 정합성**: startTime 기준 클라이언트 시계 오차 보정 방식.\u000a> - **백그라운드 추적 정책**: iOS/Android 백그라운드 위치 권한·배터리 정책 대응.\u000a> - **알림 연동(미결)**: 시작 임박·경주 시작/종료 푸시 알림 범위 (저장소 내 알림 기능 문서와 연계 여부).\u000a> - **진행 중 경주 복귀(미결)**: 앱 강제 종료 후 재실행 시 진행 중 경주 자동 복귀 여부.\u000a> - **가정**: 애플 로그인 포함으로 iOS 소셜 로그인 심사 요건(Sign in with Apple 병행 제공) 충족.\u000a'),'draft',1783508873004,NULL);
INSERT INTO PlanVersion VALUES('cmrbz4v3d00061znnengk3h3z','cmrby4wah00021znnga9fbhfq',2,'1차 MVP 기획서',unistr('# 추노\u000a\u000a## 1. 개요 / 목적\u000a\u000a> 🎯 **목적** — 장소에 상관없이, 실시간 GPS로 각자 뛰면서 "누가 목표 거리에 먼저 도달하는가"를 겨루는 경쟁 러닝 앱.\u000a\u000a같은 트랙에 모이지 않아도 방 하나로 원격 러닝 대결이 성립한다. 러닝을 습관화하고 싶지만 동기부여가 부족한 사람에게 "혼자 뛰어도 함께 경쟁하는" 경험을 제공한다. 1차 MVP는 Android/iOS 두 플랫폼을 Flutter 단일 코드베이스로 동시 지원하며, 방 생성 → 대기 → 실시간 경주 → 등수 판정 → 결과의 한 사이클을 안정적으로 완주시키는 것을 목표로 한다.\u000a\u000a## 2. 타깃 사용자 & 유스케이스\u000a\u000a| 페르소나 | 니즈 | 핵심 유스케이스 |\u000a| --- | --- | --- |\u000a| 동기부여가 필요한 러너 | 혼자 뛰면 지루하고 꾸준하지 못함 | 친구와 방을 만들어 목표 거리 대결, 이겨서 성취감을 얻는다 |\u000a| 원격의 지인 그룹 | 서로 다른 지역에 살아 같이 못 뜀 | 각자 동네에서 같은 방에 입장해 동시에 스타트, 실시간 순위를 본다 |\u000a| 가벼운 경쟁을 즐기는 사람 | 기록 경쟁·게임성 | 짧은 거리(예: 3km) 방에 참여해 빠르게 승부를 낸다 |\u000a\u000a## 3. 핵심 기능 (MVP)\u000a\u000a| 우선순위 | 기능 | 설명 |\u000a| --- | --- | --- |\u000a| 높음 | 소셜 로그인 | 카카오 / 구글 / 애플 인증으로 가입·로그인 (자체 이메일 가입 없음) |\u000a| 높음 | 방 생성 | 목표 거리·제한 시간·시작 시간·최대 인원을 설정해 방 개설 |\u000a| 높음 | 방 목록 / 입장 | 모집 중 상태의 방에만 입장 가능. 지각 입장 없음 |\u000a| 높음 | 대기실 & 방장 관리 | 현 인원/정원·참가자 목록·시작 카운트다운 표시. 모집 중 방장이 목표 거리·제한 시간·최대 인원 수정 및 참가자 강퇴 가능 |\u000a| 높음 | 자동 모집 마감·취소 | 시작 10분 전 모집 마감. 이 시점에 참가자 2명 미만이면 경주 자동 취소 |\u000a| 높음 | 실시간 GPS 러닝 | 디바이스 GPS로 이동 거리 누적, WebSocket으로 참가자 위치/거리 실시간 동기화 |\u000a| 높음 | 실시간 리더보드 | 경주 중 참가자 순위·거리·페이스를 실시간 표시 |\u000a| 높음 | 등수 판정 | 클라이언트 GPS 기반으로 목표 도달 순서에 따라 등수 확정. 동시 도달 시 공동 순위. 미완주·중도 이탈자는 완주자 뒤 누적 거리순 |\u000a| 보통 | 결과 & 경주 이력 | 경주 종료 후 사용자별 경주 이력에서 결과(등수·거리·시간·페이스) 조회 |\u000a| 낮음 | 경주 중 지도 표시 | 러닝 화면에 본인 경로/지도 표시 (여력 시) |\u000a\u000a> 📌 **참고** — 방(Room)의 상태(모집 중·모집 마감·경기 중·종료·취소)와 전이 규칙은 도메인 문서(`/ib-domain`)에서 엔티티 속성으로 정의한다.\u000a\u000a## 4. 범위 밖 (Out of Scope)\u000a\u000a> ⚠️ **범위 밖** — 이번 1차 MVP에서 하지 않는다.\u000a> - 부정행위 방지 (GPS 스푸핑·차량 이동 탐지 등) — 차기 버전에서 검토\u000a> - GPS 튐(순간 거리 급증) 보정 — 이번 MVP에서는 무시\u000a> - 서버 측 목표 도달 재검증 (MVP는 클라이언트 판정)\u000a> - 소셜 기능 (친구, 팔로우, 채팅)\u000a> - 랭킹/리그/시즌, 리워드·포인트\u000a> - 코스 지정형(특정 경로 완주), 팀전\u000a> - 웨어러블(스마트워치) 연동\u000a> - 자체 이메일/비밀번호 회원가입\u000a\u000a## 5. 비기능 요구사항\u000a\u000a| 항목 | 요구사항/기준 |\u000a| --- | --- |\u000a| 플랫폼 | Flutter 단일 코드베이스로 Android / iOS 동시 지원 |\u000a| 실시간성 | 리더보드/위치 동기화 지연 수 초 이내 (WebSocket) |\u000a| 위치 권한 | 위치 권한(백그라운드 포함)은 필수. 거부 시 앱 사용 불가 처리 |\u000a| 위치 정확도 | GPS 이동 거리 오차 허용 범위 내, 백그라운드 위치 추적 지원 |\u000a| 안정성 | 방 생성 → 경주 완료까지 크래시 없이 완주 가능 |\u000a| 복원력 | 러닝 중 네트워크 단절 시 재연결·거리 재동기화 처리 |\u000a| 인증/보안 | OAuth 기반 소셜 로그인 (카카오/구글/애플) |\u000a| 배터리 | 지속 GPS 추적에도 실사용 가능한 배터리 소모 수준 |\u000a\u000a## 6. 성공 지표\u000a\u000a| 지표 | 목표값 | 측정 방법 |\u000a| --- | --- | --- |\u000a| 경주 완주율 | 시작한 경주의 95% 이상 크래시 없이 결과 도달 | 세션 로그/크래시 리포트 |\u000a| 리더보드 동기화 지연 | 평균 3초 이내 | 서버-클라이언트 타임스탬프 비교 |\u000a| 거리 측정 오차 | 실측 대비 ±5% 이내 | 기준 코스 실측 테스트 |\u000a| 리텐션(참고) | 첫 경주 후 재참여율 측정 | 사용자별 경주 참여 이벤트 |\u000a\u000a## 7. 테스트 시나리오\u000a\u000a| # | 시나리오 | 절차 (핵심 흐름) | 기대 결과 |\u000a| --- | --- | --- | --- |\u000a| 1 | 소셜 로그인 | 앱 실행 → 카카오/구글/애플 중 선택 → 인증 | 로그인 성공, 홈 진입 |\u000a| 2 | 방 생성·입장 | 홈 → 방 생성(거리·시간·정원 입력) → 다른 사용자 입장 | 대기실에 현 인원/정원·참가자 반영, 모집 중 상태 |\u000a| 3 | 방장 조건 수정·강퇴 | 모집 중 방장이 목표 거리 변경, 참가자 강퇴 | 변경 즉시 반영, 강퇴된 사용자 방에서 제거 |\u000a| 4 | 지각 입장 차단 | 모집 마감/경기 중 방에 입장 시도 | 입장 거부 |\u000a| 5 | 자동 취소 | 시작 10분 전(모집 마감) 참가자 1명 | 경주 취소, 참가자에 취소 안내 |\u000a| 6 | 동시 스타트 | 2명 이상 유지 → 시작 시간 도달 | 경기 시작, 참가자 전원 동시 스타트 |\u000a| 7 | 실시간 경주 | 각자 러닝 → 거리 누적 전송 | 리더보드에 실시간 순위·거리 갱신 |\u000a| 8 | 등수 판정 (공동 순위) | 참가자들이 목표 거리 도달, 일부 동시 도달 | 도달 순 등수 확정, 동시 도달자는 공동 순위 |\u000a| 9 | 제한 시간 만료·이탈 | 목표 미도달 또는 중도 이탈 상태로 종료 | 완주자 뒤로 누적 거리순 정렬, 경주 종료 |\u000a| 10 | 경주 이력 확인 | 종료 후 사용자 경주 이력 진입 | 최종 등수·개인 기록(거리/시간/페이스) 표시 |\u000a| 11 | 위치 권한 거부 | 위치 권한 거부/미허용 | 앱 사용 불가 안내 화면 |\u000a\u000a## 8. 핵심 가정 / 미결 질문\u000a\u000a> 📝 **가정 / 미결** — 확정 안 된 사항 및 의도적 단순화. 착수 전 인지 필요.\u000a> - **클라이언트 판정의 신뢰성(의도적 단순화)**: MVP는 목표 도달을 클라이언트 GPS 계산으로 판정하고 GPS 튐도 무시한다. 조작·오차에 취약하므로 차기 버전에서 서버 검증·부정행위 방지로 보완 전제.\u000a> - **백엔드 스택 미정**: 서버 언어/프레임워크, WebSocket 서버, DB 선정 필요.\u000a> - **거리 측정 방식**: 순수 GPS 누적 vs 스텝/센서 융합 — 정확도/배터리 트레이드오프.\u000a> - **동시 시작 정합성**: startTime 기준 클라이언트 시계 오차 보정 방식.\u000a> - **백그라운드 추적 정책**: iOS/Android 백그라운드 위치 권한·배터리 정책 대응.\u000a> - **알림 연동(미결)**: 시작 임박·경주 시작/종료 푸시 알림 범위 (저장소 내 알림 기능 문서와 연계 여부).\u000a> - **진행 중 경주 복귀(미결)**: 앱 강제 종료 후 재실행 시 진행 중 경주 자동 복귀 여부.\u000a> - **가정**: 애플 로그인 포함으로 iOS 소셜 로그인 심사 요건(Sign in with Apple 병행 제공) 충족.\u000a'),'approved',1783508874601,'승인');
CREATE TABLE IF NOT EXISTS "Wireframe" (
    "id" TEXT NOT NULL PRIMARY KEY,
    "projectId" TEXT NOT NULL,
    "name" TEXT NOT NULL,
    "format" TEXT NOT NULL DEFAULT 'html',
    "content" TEXT NOT NULL,
    "sequence" INTEGER NOT NULL DEFAULT 0,
    "version" INTEGER NOT NULL DEFAULT 1,
    "createdAt" DATETIME NOT NULL DEFAULT CURRENT_TIMESTAMP,
    CONSTRAINT "Wireframe_projectId_fkey" FOREIGN KEY ("projectId") REFERENCES "Project" ("id") ON DELETE CASCADE ON UPDATE CASCADE
);
INSERT INTO Wireframe VALUES('cmrc09bag00091z187dj593eb','cmrby3y0000001znnofoo0a53','로그인','html',unistr('<!doctype html><html><head><meta charset="utf-8"><style>\u000a:root{--wf-bg:#f4f4f5;--wf-surface:#fff;--wf-line:#d4d4d8;--wf-ink:#3f3f46;--wf-muted:#a1a1aa;--wf-fill:#e4e4e7;--wf-radius:10px;--wf-gap:12px;}\u000a*{box-sizing:border-box;margin:0;padding:0}\u000abody{background:var(--wf-bg);color:var(--wf-ink);font-size:14px;line-height:1.5;font-family:-apple-system,BlinkMacSystemFont,''Segoe UI'',sans-serif;display:flex;justify-content:center;padding:16px}\u000a.wf{width:100%;max-width:390px;min-height:720px;background:var(--wf-surface);border:1px solid var(--wf-line);border-radius:20px;overflow:hidden;display:flex;flex-direction:column}\u000a.wf-topbar{display:flex;align-items:center;gap:8px;padding:14px 16px;border-bottom:1px solid var(--wf-line);font-weight:600}\u000a.wf-body{flex:1;padding:16px;display:flex;flex-direction:column;gap:var(--wf-gap)}\u000a.wf-title{font-size:18px;font-weight:700}\u000a.wf-sub{color:var(--wf-muted);font-size:13px}\u000a.wf-card{border:1px solid var(--wf-line);border-radius:var(--wf-radius);padding:14px}\u000a.wf-ph{background:var(--wf-fill);border-radius:8px}\u000a.wf-input{width:100%;border:1px solid var(--wf-line);border-radius:8px;padding:10px 12px;background:var(--wf-surface);font:inherit}\u000a.wf-btn{border:1px solid var(--wf-line);border-radius:8px;padding:10px 14px;background:var(--wf-surface);cursor:pointer;font:inherit}\u000a.wf-btn-primary{background:var(--wf-ink);color:#fff;border-color:var(--wf-ink)}\u000a.wf-list{display:flex;flex-direction:column}\u000a.wf-list-item{display:flex;align-items:center;gap:10px;padding:12px 0;border-bottom:1px solid var(--wf-line)}\u000a.wf-avatar{flex:0 0 auto;width:36px;height:36px;border-radius:50%;background:var(--wf-fill)}\u000a.wf-badge{font-size:11px;padding:2px 8px;border-radius:999px;background:var(--wf-fill);color:var(--wf-muted)}\u000a.wf-tabbar{display:flex;border-top:1px solid var(--wf-line)}\u000a.wf-tabbar button{flex:1;padding:12px;border:none;background:none;color:var(--wf-muted);cursor:pointer;font:inherit}\u000a.wf-tabbar button.active{color:var(--wf-ink);font-weight:600}\u000a</style></head>\u000a<body data-screen="login">\u000a<div class="wf">\u000a <header class="wf-topbar">추노</header>\u000a <main class="wf-body" style="justify-content:center;text-align:center">\u000a   <div class="wf-ph" style="width:96px;height:96px;border-radius:24px;margin:0 auto"></div>\u000a   <div class="wf-title">장소 무관 경쟁 러닝</div>\u000a   <div class="wf-sub">방을 만들어 목표 거리를 먼저 완주하세요</div>\u000a   <div style="height:16px"></div>\u000a   <button class="wf-btn" data-p="카카오">카카오로 시작</button>\u000a   <button class="wf-btn" data-p="구글">구글로 시작</button>\u000a   <button class="wf-btn" data-p="Apple">Apple로 시작</button>\u000a   <div id="msg" class="wf-sub" style="min-height:18px"></div>\u000a </main>\u000a</div>\u000a<script>\u000adocument.querySelectorAll(''[data-p]'').forEach(function(b){\u000a  b.addEventListener(''click'',function(){\u000a    document.querySelectorAll(''[data-p]'').forEach(function(x){x.classList.remove(''wf-btn-primary'')});\u000a    b.classList.add(''wf-btn-primary'');\u000a    var m=document.getElementById(''msg''),p=b.getAttribute(''data-p'');\u000a    m.textContent=p+'' 인증 중…'';\u000a    setTimeout(function(){m.textContent=p+'' 로그인 완료 ✓'';},700);\u000a  });\u000a});\u000a</script>\u000a</body></html>'),1,1,1783510761832);
INSERT INTO Wireframe VALUES('cmrc0a433000d1z188fcz9jya','cmrby3y0000001znnofoo0a53','방 생성','html',unistr('<!doctype html><html><head><meta charset="utf-8"><style>\u000a:root{--wf-bg:#f4f4f5;--wf-surface:#fff;--wf-line:#d4d4d8;--wf-ink:#3f3f46;--wf-muted:#a1a1aa;--wf-fill:#e4e4e7;--wf-radius:10px;--wf-gap:12px;}\u000a*{box-sizing:border-box;margin:0;padding:0}\u000abody{background:var(--wf-bg);color:var(--wf-ink);font-size:14px;line-height:1.5;font-family:-apple-system,BlinkMacSystemFont,''Segoe UI'',sans-serif;display:flex;justify-content:center;padding:16px}\u000a.wf{width:100%;max-width:390px;min-height:720px;background:var(--wf-surface);border:1px solid var(--wf-line);border-radius:20px;overflow:hidden;display:flex;flex-direction:column}\u000a.wf-topbar{display:flex;align-items:center;gap:8px;padding:14px 16px;border-bottom:1px solid var(--wf-line);font-weight:600}\u000a.wf-body{flex:1;padding:16px;display:flex;flex-direction:column;gap:var(--wf-gap);overflow:auto}\u000a.wf-title{font-size:18px;font-weight:700}\u000a.wf-sub{color:var(--wf-muted);font-size:13px}\u000a.wf-card{border:1px solid var(--wf-line);border-radius:var(--wf-radius);padding:14px}\u000a.wf-ph{background:var(--wf-fill);border-radius:8px}\u000a.wf-input{width:100%;border:1px solid var(--wf-line);border-radius:8px;padding:10px 12px;background:var(--wf-surface);font:inherit}\u000a.wf-btn{border:1px solid var(--wf-line);border-radius:8px;padding:10px 14px;background:var(--wf-surface);cursor:pointer;font:inherit}\u000a.wf-btn-primary{background:var(--wf-ink);color:#fff;border-color:var(--wf-ink)}\u000a.wf-list{display:flex;flex-direction:column}\u000a.wf-list-item{display:flex;align-items:center;gap:10px;padding:12px 0;border-bottom:1px solid var(--wf-line)}\u000a.wf-avatar{flex:0 0 auto;width:36px;height:36px;border-radius:50%;background:var(--wf-fill)}\u000a.wf-badge{font-size:11px;padding:2px 8px;border-radius:999px;background:var(--wf-fill);color:var(--wf-muted)}\u000a.wf-chip{border:1px solid var(--wf-line);border-radius:999px;padding:6px 12px;background:var(--wf-surface);cursor:pointer;font:inherit}\u000a.wf-chip.on{background:var(--wf-ink);color:#fff;border-color:var(--wf-ink)}\u000a.wf-field{display:flex;flex-direction:column;gap:6px}\u000a.wf-label{font-size:13px;font-weight:600}\u000a</style></head>\u000a<body data-screen="room-create">\u000a<div class="wf">\u000a <header class="wf-topbar">← 방 만들기</header>\u000a <form class="wf-body" id="f">\u000a   <div class="wf-field"><span class="wf-label">방 제목</span><input class="wf-input" placeholder="예: 아침 3km 대결"></div>\u000a   <div class="wf-field"><span class="wf-label">목표 거리</span>\u000a     <div style="display:flex;gap:8px;flex-wrap:wrap" id="dist">\u000a       <button type="button" class="wf-chip" data-v="2">2km</button>\u000a       <button type="button" class="wf-chip on" data-v="3">3km</button>\u000a       <button type="button" class="wf-chip" data-v="5">5km</button>\u000a       <button type="button" class="wf-chip" data-v="10">10km</button>\u000a     </div>\u000a   </div>\u000a   <div class="wf-field"><span class="wf-label">제한 시간 (분)</span><input class="wf-input" type="number" value="30"></div>\u000a   <div class="wf-field"><span class="wf-label">시작 시간</span><input class="wf-input" placeholder="2026-07-09 07:00:00"></div>\u000a   <div class="wf-field"><span class="wf-label">최대 인원</span>\u000a     <div style="display:flex;align-items:center;gap:14px">\u000a       <button type="button" class="wf-btn" id="minus">−</button>\u000a       <b id="cap" style="font-size:18px;min-width:24px;text-align:center">6</b>\u000a       <button type="button" class="wf-btn" id="plus">+</button>\u000a     </div>\u000a   </div>\u000a   <button class="wf-btn wf-btn-primary" type="submit">방 개설</button>\u000a   <div class="wf-card" id="summary" style="display:none"></div>\u000a </form>\u000a</div>\u000a<script>\u000adocument.querySelectorAll(''#dist .wf-chip'').forEach(function(c){\u000a  c.addEventListener(''click'',function(){\u000a    document.querySelectorAll(''#dist .wf-chip'').forEach(function(x){x.classList.remove(''on'')});\u000a    c.classList.add(''on'');\u000a  });\u000a});\u000avar cap=6,capEl=document.getElementById(''cap'');\u000adocument.getElementById(''plus'').onclick=function(){if(cap<20){cap++;capEl.textContent=cap;}};\u000adocument.getElementById(''minus'').onclick=function(){if(cap>2){cap--;capEl.textContent=cap;}};\u000adocument.getElementById(''f'').addEventListener(''submit'',function(e){\u000a  e.preventDefault();\u000a  var d=document.querySelector(''#dist .on'').getAttribute(''data-v'');\u000a  var s=document.getElementById(''summary'');\u000a  s.style.display=''block'';\u000a  s.innerHTML=''<b>개설 확인</b><div class="wf-sub">목표 ''+d+''km · 최대 ''+cap+''명 · 상태 모집 중으로 생성됩니다</div>'';\u000a});\u000a</script>\u000a</body></html>'),3,1,1783510799151);
INSERT INTO Wireframe VALUES('cmrc0au5g000f1z18m7y9ak1r','cmrby3y0000001znnofoo0a53','대기실','html',unistr('<!doctype html><html><head><meta charset="utf-8"><style>\u000a:root{--wf-bg:#f4f4f5;--wf-surface:#fff;--wf-line:#d4d4d8;--wf-ink:#3f3f46;--wf-muted:#a1a1aa;--wf-fill:#e4e4e7;--wf-radius:10px;--wf-gap:12px;}\u000a*{box-sizing:border-box;margin:0;padding:0}\u000abody{background:var(--wf-bg);color:var(--wf-ink);font-size:14px;line-height:1.5;font-family:-apple-system,BlinkMacSystemFont,''Segoe UI'',sans-serif;display:flex;justify-content:center;padding:16px}\u000a.wf{width:100%;max-width:390px;min-height:720px;background:var(--wf-surface);border:1px solid var(--wf-line);border-radius:20px;overflow:hidden;display:flex;flex-direction:column}\u000a.wf-topbar{display:flex;align-items:center;gap:8px;padding:14px 16px;border-bottom:1px solid var(--wf-line);font-weight:600}\u000a.wf-body{flex:1;padding:16px;display:flex;flex-direction:column;gap:var(--wf-gap);overflow:auto}\u000a.wf-title{font-size:18px;font-weight:700}\u000a.wf-sub{color:var(--wf-muted);font-size:13px}\u000a.wf-card{border:1px solid var(--wf-line);border-radius:var(--wf-radius);padding:14px}\u000a.wf-ph{background:var(--wf-fill);border-radius:8px}\u000a.wf-input{width:100%;border:1px solid var(--wf-line);border-radius:8px;padding:10px 12px;background:var(--wf-surface);font:inherit}\u000a.wf-btn{border:1px solid var(--wf-line);border-radius:8px;padding:10px 14px;background:var(--wf-surface);cursor:pointer;font:inherit}\u000a.wf-btn-primary{background:var(--wf-ink);color:#fff;border-color:var(--wf-ink)}\u000a.wf-list{display:flex;flex-direction:column}\u000a.wf-list-item{display:flex;align-items:center;gap:10px;padding:12px 0;border-bottom:1px solid var(--wf-line)}\u000a.wf-avatar{flex:0 0 auto;width:36px;height:36px;border-radius:50%;background:var(--wf-fill)}\u000a.wf-badge{font-size:11px;padding:2px 8px;border-radius:999px;background:var(--wf-fill);color:var(--wf-muted)}\u000a.wf-label{font-size:13px;font-weight:600}\u000a</style></head>\u000a<body data-screen="waiting-room">\u000a<div class="wf">\u000a <header class="wf-topbar">← 대기실</header>\u000a <main class="wf-body">\u000a   <div style="display:flex;justify-content:space-between;align-items:center">\u000a     <div class="wf-title">아침 3km 대결</div><span class="wf-badge">모집 중</span>\u000a   </div>\u000a   <div class="wf-card" style="text-align:center">\u000a     <div class="wf-sub">시작까지</div>\u000a     <div style="font-size:28px;font-weight:700" id="cd">09:58</div>\u000a     <div class="wf-sub">목표 3km · 제한 30분</div>\u000a   </div>\u000a   <div style="display:flex;justify-content:space-between;align-items:center">\u000a     <span class="wf-label">참가자</span><span class="wf-sub" id="count">3 / 6</span>\u000a   </div>\u000a   <div class="wf-list" id="plist">\u000a     <div class="wf-list-item"><div class="wf-avatar"></div><b style="flex:1">나 (방장)</b><span class="wf-badge">HOST</span></div>\u000a     <div class="wf-list-item"><div class="wf-avatar"></div><span style="flex:1">러너_김</span><button class="wf-btn kick" style="padding:4px 10px;font-size:12px">강퇴</button></div>\u000a     <div class="wf-list-item"><div class="wf-avatar"></div><span style="flex:1">러너_이</span><button class="wf-btn kick" style="padding:4px 10px;font-size:12px">강퇴</button></div>\u000a   </div>\u000a   <button class="wf-btn" id="editToggle">조건 수정 (방장)</button>\u000a   <div class="wf-card" id="editBox" style="display:none">\u000a     <div class="wf-label" style="margin-bottom:8px">조건 수정 — 모집 중에만 가능</div>\u000a     <input class="wf-input" style="margin-bottom:8px" value="목표 3km">\u000a     <input class="wf-input" style="margin-bottom:8px" value="제한 30분">\u000a     <input class="wf-input" value="최대 6명">\u000a   </div>\u000a   <div style="flex:1"></div>\u000a   <button class="wf-btn wf-btn-primary" disabled style="opacity:.6">시작 시간에 자동 시작</button>\u000a </main>\u000a</div>\u000a<script>\u000avar t=598,cd=document.getElementById(''cd'');\u000asetInterval(function(){ if(t>0){t--; var m=String(Math.floor(t/60)).padStart(2,''0''),s=String(t%60).padStart(2,''0''); cd.textContent=m+'':''+s;} },1000);\u000afunction refresh(){\u000a  var n=document.querySelectorAll(''#plist .wf-list-item'').length;\u000a  document.getElementById(''count'').textContent=n+'' / 6'';\u000a}\u000adocument.querySelectorAll(''.kick'').forEach(function(b){\u000a  b.addEventListener(''click'',function(){ b.closest(''.wf-list-item'').remove(); refresh(); });\u000a});\u000adocument.getElementById(''editToggle'').addEventListener(''click'',function(){\u000a  var e=document.getElementById(''editBox'');\u000a  var open=e.style.display===''none'';\u000a  e.style.display=open?''block'':''none'';\u000a  this.classList.toggle(''wf-btn-primary'',open);\u000a});\u000a</script>\u000a</body></html>'),4,1,1783510832933);
INSERT INTO Wireframe VALUES('cmrc0b903000h1z18bf2lnqec','cmrby3y0000001znnofoo0a53','러닝 (실시간 리더보드)','html',unistr('<!doctype html><html><head><meta charset="utf-8"><style>\u000a:root{--wf-bg:#f4f4f5;--wf-surface:#fff;--wf-line:#d4d4d8;--wf-ink:#3f3f46;--wf-muted:#a1a1aa;--wf-fill:#e4e4e7;--wf-radius:10px;--wf-gap:12px;}\u000a*{box-sizing:border-box;margin:0;padding:0}\u000abody{background:var(--wf-bg);color:var(--wf-ink);font-size:14px;line-height:1.5;font-family:-apple-system,BlinkMacSystemFont,''Segoe UI'',sans-serif;display:flex;justify-content:center;padding:16px}\u000a.wf{width:100%;max-width:390px;min-height:720px;background:var(--wf-surface);border:1px solid var(--wf-line);border-radius:20px;overflow:hidden;display:flex;flex-direction:column}\u000a.wf-topbar{display:flex;align-items:center;gap:8px;padding:14px 16px;border-bottom:1px solid var(--wf-line);font-weight:600}\u000a.wf-body{flex:1;padding:16px;display:flex;flex-direction:column;gap:var(--wf-gap);overflow:auto}\u000a.wf-title{font-size:18px;font-weight:700}\u000a.wf-sub{color:var(--wf-muted);font-size:13px}\u000a.wf-card{border:1px solid var(--wf-line);border-radius:var(--wf-radius);padding:14px}\u000a.wf-ph{background:var(--wf-fill);border-radius:8px}\u000a.wf-btn{border:1px solid var(--wf-line);border-radius:8px;padding:10px 14px;background:var(--wf-surface);cursor:pointer;font:inherit}\u000a.wf-btn-primary{background:var(--wf-ink);color:#fff;border-color:var(--wf-ink)}\u000a.wf-list{display:flex;flex-direction:column}\u000a.wf-list-item{display:flex;align-items:center;gap:10px;padding:12px 0;border-bottom:1px solid var(--wf-line)}\u000a.wf-badge{font-size:11px;padding:2px 8px;border-radius:999px;background:var(--wf-fill);color:var(--wf-muted)}\u000a.wf-rank{width:22px;text-align:center;font-weight:700}\u000a.wf-bar{height:8px;background:var(--wf-fill);border-radius:999px;overflow:hidden}\u000a.wf-bar>i{display:block;height:100%;background:var(--wf-ink);width:0}\u000a</style></head>\u000a<body data-screen="race">\u000a<div class="wf">\u000a <header class="wf-topbar">경기 중 · 아침 3km 대결</header>\u000a <main class="wf-body">\u000a   <div class="wf-card" style="text-align:center">\u000a     <div class="wf-sub">내 거리 (목표 3.0km)</div>\u000a     <div style="font-size:30px;font-weight:700"><span id="myd">0.00</span> km</div>\u000a     <div class="wf-bar" style="margin:8px 0"><i id="mybar"></i></div>\u000a     <div class="wf-sub">페이스 <span id="pace">--</span> /km · 남은시간 <span id="rt">30:00</span></div>\u000a   </div>\u000a   <div class="wf-ph" style="height:90px;display:flex;align-items:center;justify-content:center;color:var(--wf-muted)">지도 / 경로 (저해상도)</div>\u000a   <div style="display:flex;justify-content:space-between;align-items:center">\u000a     <span class="wf-title" style="font-size:15px">실시간 순위</span><span class="wf-sub" id="live">● LIVE</span>\u000a   </div>\u000a   <div class="wf-list" id="board"></div>\u000a   <div style="flex:1"></div>\u000a   <button class="wf-btn" id="quit">경주 포기</button>\u000a   <div id="msg" class="wf-sub" style="text-align:center;min-height:16px"></div>\u000a </main>\u000a</div>\u000a<script>\u000avar goal=3.0;\u000avar runners=[{n:''나'',d:0,me:true},{n:''러너_김'',d:0.1},{n:''러너_이'',d:0.05},{n:''러너_박'',d:0.08}];\u000avar board=document.getElementById(''board'');\u000afunction render(){\u000a  var sorted=runners.slice().sort(function(a,b){return b.d-a.d});\u000a  board.innerHTML='''';\u000a  sorted.forEach(function(r,i){\u000a    var row=document.createElement(''div''); row.className=''wf-list-item'';\u000a    row.innerHTML=''<span class="wf-rank">''+(i+1)+''</span><span style="flex:1">''+r.n+(r.me?'' <span class=\\"wf-badge\\">나</span>'':'''')+''</span><b>''+r.d.toFixed(2)+'' km</b>'';\u000a    if(r.me) row.style.background=''var(--wf-fill)'';\u000a    board.appendChild(row);\u000a  });\u000a  var me=runners[0];\u000a  document.getElementById(''myd'').textContent=me.d.toFixed(2);\u000a  document.getElementById(''mybar'').style.width=Math.min(100,me.d/goal*100)+''%'';\u000a  document.getElementById(''pace'').textContent=me.d>0?(6+ (0.5-0)).toFixed(1).replace(''.'',"''")+''"'':"--";\u000a}\u000avar tick=setInterval(function(){\u000a  runners.forEach(function(r){ if(r.d<goal) r.d+=Math.random()*0.04+0.01; });\u000a  render();\u000a  var done=runners[0].d>=goal;\u000a  if(runners.some(function(r){return r.d>=goal})){\u000a    var first=runners.slice().sort(function(a,b){return b.d-a.d})[0];\u000a    if(first.d>=goal){ document.getElementById(''live'').textContent=''● 완주자 발생''; }\u000a  }\u000a  if(runners.every(function(r){return r.d>=goal})){ clearInterval(tick); document.getElementById(''live'').textContent=''경기 종료''; }\u000a},900);\u000arender();\u000adocument.getElementById(''quit'').addEventListener(''click'',function(){\u000a  clearInterval(tick); document.getElementById(''msg'').textContent=''포기 처리 — 완주자 뒤 거리순으로 기록됩니다'';\u000a  this.classList.add(''wf-btn-primary'');\u000a});\u000a</script>\u000a</body></html>'),5,1,1783510852180);
INSERT INTO Wireframe VALUES('cmrc0bs3h000j1z18k97p9a0k','cmrby3y0000001znnofoo0a53','결과','html',unistr('<!doctype html><html><head><meta charset="utf-8"><style>\u000a:root{--wf-bg:#f4f4f5;--wf-surface:#fff;--wf-line:#d4d4d8;--wf-ink:#3f3f46;--wf-muted:#a1a1aa;--wf-fill:#e4e4e7;--wf-radius:10px;--wf-gap:12px;}\u000a*{box-sizing:border-box;margin:0;padding:0}\u000abody{background:var(--wf-bg);color:var(--wf-ink);font-size:14px;line-height:1.5;font-family:-apple-system,BlinkMacSystemFont,''Segoe UI'',sans-serif;display:flex;justify-content:center;padding:16px}\u000a.wf{width:100%;max-width:390px;min-height:720px;background:var(--wf-surface);border:1px solid var(--wf-line);border-radius:20px;overflow:hidden;display:flex;flex-direction:column}\u000a.wf-topbar{display:flex;align-items:center;gap:8px;padding:14px 16px;border-bottom:1px solid var(--wf-line);font-weight:600}\u000a.wf-body{flex:1;padding:16px;display:flex;flex-direction:column;gap:var(--wf-gap);overflow:auto}\u000a.wf-title{font-size:18px;font-weight:700}\u000a.wf-sub{color:var(--wf-muted);font-size:13px}\u000a.wf-card{border:1px solid var(--wf-line);border-radius:var(--wf-radius);padding:14px}\u000a.wf-ph{background:var(--wf-fill);border-radius:8px}\u000a.wf-btn{border:1px solid var(--wf-line);border-radius:8px;padding:10px 14px;background:var(--wf-surface);cursor:pointer;font:inherit}\u000a.wf-btn-primary{background:var(--wf-ink);color:#fff;border-color:var(--wf-ink)}\u000a.wf-list{display:flex;flex-direction:column}\u000a.wf-list-item{display:flex;align-items:center;gap:10px;padding:12px 0;border-bottom:1px solid var(--wf-line)}\u000a.wf-badge{font-size:11px;padding:2px 8px;border-radius:999px;background:var(--wf-fill);color:var(--wf-muted)}\u000a.wf-rank{width:22px;text-align:center;font-weight:700}\u000a.podium{display:flex;align-items:flex-end;gap:8px;justify-content:center}\u000a.podium .col{flex:1;text-align:center}\u000a.podium .bar{background:var(--wf-fill);border-radius:8px 8px 0 0;display:flex;align-items:flex-start;justify-content:center;padding-top:6px;font-weight:700}\u000a</style></head>\u000a<body data-screen="result">\u000a<div class="wf">\u000a <header class="wf-topbar">경기 결과</header>\u000a <main class="wf-body">\u000a   <div class="wf-title" style="text-align:center">아침 3km 대결</div>\u000a   <div class="wf-sub" style="text-align:center">목표 3km · 참가 4명 · 종료</div>\u000a   <div class="podium">\u000a     <div class="col"><div class="wf-sub">러너_김</div><div class="bar" style="height:56px">2</div></div>\u000a     <div class="col"><div class="wf-sub">나</div><div class="bar" style="height:84px">1</div></div>\u000a     <div class="col"><div class="wf-sub">러너_박</div><div class="bar" style="height:40px">3</div></div>\u000a   </div>\u000a   <div class="wf-card" style="text-align:center">\u000a     <div class="wf-sub">내 기록</div>\u000a     <div style="font-size:22px;font-weight:700">1등 · 3.00km</div>\u000a     <div class="wf-sub">기록 15''42" · 평균 페이스 5''14"/km</div>\u000a   </div>\u000a   <span class="wf-title" style="font-size:15px">전체 순위</span>\u000a   <div class="wf-list" id="rank">\u000a     <div class="wf-list-item" style="background:var(--wf-fill)"><span class="wf-rank">1</span><span style="flex:1">나 <span class="wf-badge">나</span></span><b>15''42"</b></div>\u000a     <div class="wf-list-item"><span class="wf-rank">2</span><span style="flex:1">러너_김</span><b>16''03"</b></div>\u000a     <div class="wf-list-item"><span class="wf-rank">3</span><span style="flex:1">러너_박</span><b>17''20"</b></div>\u000a     <div class="wf-list-item"><span class="wf-rank">4</span><span style="flex:1">러너_이 <span class="wf-badge">미완주</span></span><b>2.4km</b></div>\u000a   </div>\u000a   <button class="wf-btn wf-btn-primary" id="share">결과 공유</button>\u000a   <div id="msg" class="wf-sub" style="text-align:center;min-height:16px"></div>\u000a </main>\u000a</div>\u000a<script>\u000adocument.querySelectorAll(''#rank .wf-list-item'').forEach(function(r){\u000a  r.addEventListener(''click'',function(){\u000a    document.querySelectorAll(''#rank .wf-list-item'').forEach(function(x){x.style.outline=''none''});\u000a    r.style.outline=''2px solid var(--wf-ink)'';\u000a  });\u000a});\u000adocument.getElementById(''share'').addEventListener(''click'',function(){\u000a  document.getElementById(''msg'').textContent=''결과 링크가 복사되었습니다 ✓'';\u000a});\u000a</script>\u000a</body></html>'),6,1,1783510876925);
INSERT INTO Wireframe VALUES('cmrc0c2qt000l1z18kp7wycp3','cmrby3y0000001znnofoo0a53','경주 이력','html',unistr('<!doctype html><html><head><meta charset="utf-8"><style>\u000a:root{--wf-bg:#f4f4f5;--wf-surface:#fff;--wf-line:#d4d4d8;--wf-ink:#3f3f46;--wf-muted:#a1a1aa;--wf-fill:#e4e4e7;--wf-radius:10px;--wf-gap:12px;}\u000a*{box-sizing:border-box;margin:0;padding:0}\u000abody{background:var(--wf-bg);color:var(--wf-ink);font-size:14px;line-height:1.5;font-family:-apple-system,BlinkMacSystemFont,''Segoe UI'',sans-serif;display:flex;justify-content:center;padding:16px}\u000a.wf{width:100%;max-width:390px;min-height:720px;background:var(--wf-surface);border:1px solid var(--wf-line);border-radius:20px;overflow:hidden;display:flex;flex-direction:column}\u000a.wf-topbar{display:flex;align-items:center;gap:8px;padding:14px 16px;border-bottom:1px solid var(--wf-line);font-weight:600}\u000a.wf-body{flex:1;padding:16px;display:flex;flex-direction:column;gap:var(--wf-gap);overflow:auto}\u000a.wf-title{font-size:18px;font-weight:700}\u000a.wf-sub{color:var(--wf-muted);font-size:13px}\u000a.wf-card{border:1px solid var(--wf-line);border-radius:var(--wf-radius);padding:14px;cursor:pointer}\u000a.wf-btn{border:1px solid var(--wf-line);border-radius:8px;padding:10px 14px;background:var(--wf-surface);cursor:pointer;font:inherit}\u000a.wf-badge{font-size:11px;padding:2px 8px;border-radius:999px;background:var(--wf-fill);color:var(--wf-muted)}\u000a.wf-tabbar{display:flex;border-top:1px solid var(--wf-line)}\u000a.wf-tabbar button{flex:1;padding:12px;border:none;background:none;color:var(--wf-muted);cursor:pointer;font:inherit}\u000a.wf-tabbar button.active{color:var(--wf-ink);font-weight:600}\u000a.detail{margin-top:10px;padding-top:10px;border-top:1px dashed var(--wf-line);display:none}\u000a</style></head>\u000a<body data-screen="history">\u000a<div class="wf">\u000a <header class="wf-topbar">경주 이력</header>\u000a <main class="wf-body">\u000a   <div class="wf-sub">지난 경주 기록을 눌러 상세를 확인하세요</div>\u000a   <div class="wf-card" data-detail="1위 · 3.00km · 15''42\\" · 평균 5''14\\"/km">\u000a     <div style="display:flex;justify-content:space-between"><b>아침 3km 대결</b><span class="wf-badge">1위</span></div>\u000a     <div class="wf-sub">2026-07-08 07:00 · 목표 3km</div>\u000a     <div class="detail wf-sub"></div>\u000a   </div>\u000a   <div class="wf-card" data-detail="3위 · 5.00km · 28''05\\" · 평균 5''37\\"/km">\u000a     <div style="display:flex;justify-content:space-between"><b>퇴근런 5km</b><span class="wf-badge">3위</span></div>\u000a     <div class="wf-sub">2026-07-05 19:30 · 목표 5km</div>\u000a     <div class="detail wf-sub"></div>\u000a   </div>\u000a   <div class="wf-card" data-detail="미완주 · 6.4km/10km · 제한시간 만료">\u000a     <div style="display:flex;justify-content:space-between"><b>주말 10km 롱런</b><span class="wf-badge">미완주</span></div>\u000a     <div class="wf-sub">2026-07-01 08:00 · 목표 10km</div>\u000a     <div class="detail wf-sub"></div>\u000a   </div>\u000a </main>\u000a <nav class="wf-tabbar"><button>홈</button><button class="active">이력</button><button>내 정보</button></nav>\u000a</div>\u000a<script>\u000adocument.querySelectorAll(''.wf-card'').forEach(function(c){\u000a  c.addEventListener(''click'',function(){\u000a    var d=c.querySelector(''.detail'');\u000a    var open=d.style.display!==''block'';\u000a    d.style.display=open?''block'':''none'';\u000a    if(open && !d.textContent) d.textContent=c.getAttribute(''data-detail'');\u000a    c.style.borderColor=open?''var(--wf-ink)'':''var(--wf-line)'';\u000a  });\u000a});\u000a</script>\u000a</body></html>'),7,1,1783510890725);
INSERT INTO Wireframe VALUES('cmrc0rchi000n1z18phe7eivz','cmrby3y0000001znnofoo0a53','러닝 (실시간 리더보드)','html',unistr('<!doctype html><html><head><meta charset="utf-8"><style>\u000a:root{--wf-bg:#f4f4f5;--wf-surface:#fff;--wf-line:#d4d4d8;--wf-ink:#3f3f46;--wf-muted:#a1a1aa;--wf-fill:#e4e4e7;--wf-radius:10px;--wf-gap:12px;}\u000a*{box-sizing:border-box;margin:0;padding:0}\u000abody{background:var(--wf-bg);color:var(--wf-ink);font-size:14px;line-height:1.5;font-family:-apple-system,BlinkMacSystemFont,''Segoe UI'',sans-serif;display:flex;justify-content:center;padding:16px}\u000a.wf{width:100%;max-width:390px;min-height:720px;background:var(--wf-surface);border:1px solid var(--wf-line);border-radius:20px;overflow:hidden;display:flex;flex-direction:column}\u000a.wf-topbar{display:flex;align-items:center;gap:8px;padding:14px 16px;border-bottom:1px solid var(--wf-line);font-weight:600}\u000a.wf-body{flex:1;padding:16px;display:flex;flex-direction:column;gap:var(--wf-gap);overflow:auto}\u000a.wf-title{font-size:18px;font-weight:700}\u000a.wf-sub{color:var(--wf-muted);font-size:13px}\u000a.wf-card{border:1px solid var(--wf-line);border-radius:var(--wf-radius);padding:14px}\u000a.wf-ph{background:var(--wf-fill);border-radius:8px}\u000a.wf-btn{border:1px solid var(--wf-line);border-radius:8px;padding:10px 14px;background:var(--wf-surface);cursor:pointer;font:inherit}\u000a.wf-btn-primary{background:var(--wf-ink);color:#fff;border-color:var(--wf-ink)}\u000a.wf-badge{font-size:11px;padding:2px 8px;border-radius:999px;background:var(--wf-fill);color:var(--wf-muted)}\u000a.wf-rank{width:20px;text-align:center;font-weight:700;flex:0 0 auto}\u000a.wf-bar{height:8px;background:var(--wf-fill);border-radius:999px;overflow:hidden}\u000a.wf-bar>i{display:block;height:100%;background:var(--wf-ink);width:0;transition:width .4s}\u000a.lb-row{padding:10px 0;border-bottom:1px solid var(--wf-line);display:flex;flex-direction:column;gap:6px}\u000a.lb-head{display:flex;align-items:center;gap:8px}\u000a.lb-name{flex:1;overflow:hidden;text-overflow:ellipsis;white-space:nowrap}\u000a.lb-km{font-weight:700;font-variant-numeric:tabular-nums}\u000a.lb-me{background:var(--wf-fill);border-radius:8px;padding:8px;margin:0 -8px}\u000a</style></head>\u000a<body data-screen="race">\u000a<div class="wf">\u000a <header class="wf-topbar">경기 중 · 아침 3km 대결</header>\u000a <main class="wf-body">\u000a   <div class="wf-card" style="text-align:center">\u000a     <div class="wf-sub">내 거리 (목표 3.0km)</div>\u000a     <div style="font-size:30px;font-weight:700"><span id="myd">0.00</span> km</div>\u000a     <div class="wf-bar" style="margin:8px 0"><i id="mybar"></i></div>\u000a     <div class="wf-sub">페이스 <span id="pace">--</span>/km · 남은시간 <span id="rt">30:00</span></div>\u000a   </div>\u000a   <div class="wf-ph" style="height:80px;display:flex;align-items:center;justify-content:center;color:var(--wf-muted)">지도 / 경로 (저해상도)</div>\u000a   <div style="display:flex;justify-content:space-between;align-items:center">\u000a     <span class="wf-title" style="font-size:15px">실시간 순위</span>\u000a     <span class="wf-sub" id="live">● LIVE · 목표 3.0km</span>\u000a   </div>\u000a   <div id="board"></div>\u000a   <div style="flex:1"></div>\u000a   <button class="wf-btn" id="quit">경주 포기</button>\u000a   <div id="msg" class="wf-sub" style="text-align:center;min-height:16px"></div>\u000a </main>\u000a</div>\u000a<script>\u000avar goal=3.0;\u000avar runners=[{n:''나'',d:0,me:true},{n:''러너_김'',d:0.10},{n:''러너_이'',d:0.05},{n:''러너_박'',d:0.08}];\u000avar board=document.getElementById(''board'');\u000afunction render(){\u000a  var sorted=runners.slice().sort(function(a,b){return b.d-a.d});\u000a  board.innerHTML='''';\u000a  sorted.forEach(function(r,i){\u000a    var pct=Math.min(100,r.d/goal*100);\u000a    var row=document.createElement(''div'');\u000a    row.className=''lb-row''+(r.me?'' lb-me'':'''');\u000a    row.innerHTML=\u000a      ''<div class="lb-head">''+\u000a        ''<span class="wf-rank">''+(i+1)+''</span>''+\u000a        ''<span class="lb-name">''+r.n+(r.me?'' <span class="wf-badge">나</span>'':'''')+(r.d>=goal?'' <span class="wf-badge">완주</span>'':'''')+''</span>''+\u000a        ''<span class="lb-km">''+r.d.toFixed(2)+'' km</span>''+\u000a      ''</div>''+\u000a      ''<div class="wf-bar"><i style="width:''+pct+''%"></i></div>'';\u000a    board.appendChild(row);\u000a  });\u000a  var me=runners.find(function(r){return r.me;});\u000a  document.getElementById(''myd'').textContent=me.d.toFixed(2);\u000a  document.getElementById(''mybar'').style.width=Math.min(100,me.d/goal*100)+''%'';\u000a  document.getElementById(''pace'').textContent=me.d>0.15?"5''20\\"":''--'';\u000a}\u000avar tick=setInterval(function(){\u000a  runners.forEach(function(r){ if(r.d<goal) r.d+=Math.random()*0.05+0.01; if(r.d>goal) r.d=goal; });\u000a  render();\u000a  if(runners.slice().sort(function(a,b){return b.d-a.d})[0].d>=goal){\u000a    document.getElementById(''live'').textContent=''● 완주자 발생 · 목표 3.0km'';\u000a  }\u000a  if(runners.every(function(r){return r.d>=goal})){ clearInterval(tick); document.getElementById(''live'').textContent=''경기 종료''; }\u000a},900);\u000arender();\u000adocument.getElementById(''quit'').addEventListener(''click'',function(){\u000a  clearInterval(tick);\u000a  document.getElementById(''msg'').textContent=''포기 처리 — 완주자 뒤 거리순으로 기록됩니다'';\u000a  this.classList.add(''wf-btn-primary'');\u000a});\u000a</script>\u000a</body></html>'),5,2,1783511603190);
INSERT INTO Wireframe VALUES('cmrc0vj59000p1z18je0es4vu','cmrby3y0000001znnofoo0a53','홈 (방 목록)','html',unistr('<!doctype html><html><head><meta charset="utf-8"><style>\u000a:root{--wf-bg:#f4f4f5;--wf-surface:#fff;--wf-line:#d4d4d8;--wf-ink:#3f3f46;--wf-muted:#a1a1aa;--wf-fill:#e4e4e7;--wf-radius:10px;--wf-gap:12px;}\u000a*{box-sizing:border-box;margin:0;padding:0}\u000abody{background:var(--wf-bg);color:var(--wf-ink);font-size:14px;line-height:1.5;font-family:-apple-system,BlinkMacSystemFont,''Segoe UI'',sans-serif;display:flex;justify-content:center;padding:16px}\u000a.wf{width:100%;max-width:390px;min-height:720px;background:var(--wf-surface);border:1px solid var(--wf-line);border-radius:20px;overflow:hidden;display:flex;flex-direction:column}\u000a.wf-topbar{display:flex;align-items:center;gap:8px;padding:14px 16px;border-bottom:1px solid var(--wf-line);font-weight:600}\u000a.wf-body{flex:1;padding:16px;display:flex;flex-direction:column;gap:var(--wf-gap);overflow:auto}\u000a.wf-title{font-size:18px;font-weight:700}\u000a.wf-sub{color:var(--wf-muted);font-size:13px}\u000a.wf-card{border:1px solid var(--wf-line);border-radius:var(--wf-radius);padding:14px}\u000a.wf-ph{background:var(--wf-fill);border-radius:8px}\u000a.wf-input{width:100%;border:1px solid var(--wf-line);border-radius:8px;padding:10px 12px;background:var(--wf-surface);font:inherit}\u000a.wf-btn{border:1px solid var(--wf-line);border-radius:8px;padding:10px 14px;background:var(--wf-surface);cursor:pointer;font:inherit}\u000a.wf-btn-primary{background:var(--wf-ink);color:#fff;border-color:var(--wf-ink)}\u000a.wf-list{display:flex;flex-direction:column}\u000a.wf-list-item{display:flex;align-items:center;gap:10px;padding:12px 0;border-bottom:1px solid var(--wf-line)}\u000a.wf-avatar{flex:0 0 auto;width:36px;height:36px;border-radius:50%;background:var(--wf-fill)}\u000a.wf-badge{font-size:11px;padding:2px 8px;border-radius:999px;background:var(--wf-fill);color:var(--wf-muted)}\u000a.startin{font-size:11px;padding:2px 8px;border-radius:999px;border:1px solid var(--wf-line);color:var(--wf-ink);font-weight:600}\u000a.rowtop{display:flex;justify-content:space-between;align-items:center;gap:8px}\u000a.meta{display:flex;justify-content:space-between;align-items:center;margin-top:4px;gap:8px}\u000a</style></head>\u000a<body data-screen="home">\u000a<div class="wf">\u000a <header class="wf-topbar">홈</header>\u000a <main class="wf-body">\u000a   <div style="display:flex;align-items:center;justify-content:space-between">\u000a     <div class="wf-title">참여 가능한 방</div>\u000a     <button class="wf-btn" id="filter" style="padding:6px 10px;font-size:12px">모집 중만</button>\u000a   </div>\u000a   <div class="wf-list" id="rooms">\u000a     <div class="wf-card" data-status="recruiting" data-start="7800" style="cursor:pointer">\u000a       <div class="rowtop"><b>아침 3km 대결</b><span class="wf-badge">모집 중</span></div>\u000a       <div class="meta"><span class="wf-sub">목표 3km · 30분 · 정원 2/6</span><span class="startin"></span></div>\u000a     </div>\u000a     <div class="wf-card" data-status="recruiting" data-start="2700" style="cursor:pointer;margin-top:10px">\u000a       <div class="rowtop"><b>주말 10km 롱런</b><span class="wf-badge">모집 중</span></div>\u000a       <div class="meta"><span class="wf-sub">목표 10km · 90분 · 정원 1/8</span><span class="startin"></span></div>\u000a     </div>\u000a     <div class="wf-card" data-status="recruiting" data-start="240" style="cursor:pointer;margin-top:10px">\u000a       <div class="rowtop"><b>번개 2km 스프린트</b><span class="wf-badge">모집 중</span></div>\u000a       <div class="meta"><span class="wf-sub">목표 2km · 20분 · 정원 3/5</span><span class="startin"></span></div>\u000a     </div>\u000a     <div class="wf-card" data-status="closed" style="cursor:pointer;margin-top:10px">\u000a       <div class="rowtop"><b>퇴근런 5km</b><span class="wf-badge">모집 마감</span></div>\u000a       <div class="meta"><span class="wf-sub">목표 5km · 45분 · 정원 4/4</span></div>\u000a     </div>\u000a     <div class="wf-card" data-status="live" style="cursor:pointer;margin-top:10px">\u000a       <div class="rowtop"><b>새벽 3km</b><span class="wf-badge">경기 중</span></div>\u000a       <div class="meta"><span class="wf-sub">목표 3km · 30분 · 정원 5/5</span></div>\u000a     </div>\u000a   </div>\u000a   <button class="wf-btn wf-btn-primary" id="create">+ 방 만들기</button>\u000a   <div id="note" class="wf-sub" style="text-align:center;min-height:16px"></div>\u000a </main>\u000a <nav class="wf-tabbar"><button class="active">홈</button><button>이력</button><button>내 정보</button></nav>\u000a</div>\u000a<script>\u000a// 시작까지 남은 시간: 1시간 초과면 시간, 1시간 이내면 분 단위\u000afunction fmt(sec){\u000a  if(sec<=0) return ''곧 시작'';\u000a  if(sec>=3600){ return Math.floor(sec/3600)+''시간 후 시작''; }\u000a  return Math.ceil(sec/60)+''분 후 시작'';\u000a}\u000avar cards=[].slice.call(document.querySelectorAll(''#rooms .wf-card[data-start]''));\u000acards.forEach(function(c){ c._sec=parseInt(c.getAttribute(''data-start''),10); });\u000afunction paint(){ cards.forEach(function(c){ c.querySelector(''.startin'').textContent=fmt(c._sec); }); }\u000apaint();\u000asetInterval(function(){ cards.forEach(function(c){ if(c._sec>0) c._sec--; }); paint(); },1000);\u000a\u000avar onlyRec=false;\u000adocument.getElementById(''filter'').addEventListener(''click'',function(){\u000a  onlyRec=!onlyRec; this.classList.toggle(''wf-btn-primary'',onlyRec);\u000a  document.querySelectorAll(''#rooms .wf-card'').forEach(function(c){\u000a    c.style.display=(onlyRec && c.getAttribute(''data-status'')!==''recruiting'')?''none'':'''';\u000a  });\u000a});\u000adocument.querySelectorAll(''#rooms .wf-card'').forEach(function(c){\u000a  c.addEventListener(''click'',function(){\u000a    document.querySelectorAll(''#rooms .wf-card'').forEach(function(x){x.style.borderColor=''var(--wf-line)''});\u000a    c.style.borderColor=''var(--wf-ink)'';\u000a  });\u000a});\u000adocument.getElementById(''create'').addEventListener(''click'',function(){\u000a  document.getElementById(''note'').textContent=''방 만들기 화면으로 이동 (별도 화면)'';\u000a});\u000a</script>\u000a</body></html>'),2,2,1783511798445);
INSERT INTO Wireframe VALUES('cmrc0xui3000r1z18t62k11e5','cmrby3y0000001znnofoo0a53','홈 (방 목록)','html',unistr('<!doctype html><html><head><meta charset="utf-8"><style>\u000a:root{--wf-bg:#f4f4f5;--wf-surface:#fff;--wf-line:#d4d4d8;--wf-ink:#3f3f46;--wf-muted:#a1a1aa;--wf-fill:#e4e4e7;--wf-radius:10px;--wf-gap:12px;}\u000a*{box-sizing:border-box;margin:0;padding:0}\u000abody{background:var(--wf-bg);color:var(--wf-ink);font-size:14px;line-height:1.5;font-family:-apple-system,BlinkMacSystemFont,''Segoe UI'',sans-serif;display:flex;justify-content:center;padding:16px}\u000a.wf{width:100%;max-width:390px;min-height:720px;background:var(--wf-surface);border:1px solid var(--wf-line);border-radius:20px;overflow:hidden;display:flex;flex-direction:column}\u000a.wf-topbar{display:flex;align-items:center;gap:8px;padding:14px 16px;border-bottom:1px solid var(--wf-line);font-weight:600}\u000a.wf-body{flex:1;padding:16px;display:flex;flex-direction:column;gap:var(--wf-gap);overflow:auto}\u000a.wf-title{font-size:18px;font-weight:700}\u000a.wf-sub{color:var(--wf-muted);font-size:13px}\u000a.wf-card{border:1px solid var(--wf-line);border-radius:var(--wf-radius);padding:14px}\u000a.wf-ph{background:var(--wf-fill);border-radius:8px}\u000a.wf-input{width:100%;border:1px solid var(--wf-line);border-radius:8px;padding:10px 12px;background:var(--wf-surface);font:inherit}\u000a.wf-btn{border:1px solid var(--wf-line);border-radius:8px;padding:10px 14px;background:var(--wf-surface);cursor:pointer;font:inherit}\u000a.wf-btn-primary{background:var(--wf-ink);color:#fff;border-color:var(--wf-ink)}\u000a.wf-list{display:flex;flex-direction:column}\u000a.wf-list-item{display:flex;align-items:center;gap:10px;padding:12px 0;border-bottom:1px solid var(--wf-line)}\u000a.wf-avatar{flex:0 0 auto;width:36px;height:36px;border-radius:50%;background:var(--wf-fill)}\u000a.wf-badge{font-size:11px;padding:2px 8px;border-radius:999px;background:var(--wf-fill);color:var(--wf-muted)}\u000a.wf-tabbar{display:flex;border-top:1px solid var(--wf-line)}\u000a.wf-tabbar button{flex:1;padding:12px;border:none;background:none;color:var(--wf-muted);cursor:pointer;font:inherit}\u000a.wf-tabbar button.active{color:var(--wf-ink);font-weight:600}\u000a.startin{font-size:11px;padding:2px 8px;border-radius:999px;border:1px solid var(--wf-line);color:var(--wf-ink);font-weight:600;white-space:nowrap}\u000a.rowtop{display:flex;justify-content:space-between;align-items:center;gap:8px}\u000a.meta{display:flex;justify-content:space-between;align-items:center;margin-top:4px;gap:8px}\u000a</style></head>\u000a<body data-screen="home">\u000a<div class="wf">\u000a <header class="wf-topbar">홈</header>\u000a <main class="wf-body">\u000a   <div style="display:flex;align-items:center;justify-content:space-between">\u000a     <div class="wf-title">참여 가능한 방</div>\u000a     <button class="wf-btn" id="filter" style="padding:6px 10px;font-size:12px">모집 중만</button>\u000a   </div>\u000a   <div class="wf-list" id="rooms">\u000a     <div class="wf-card" data-status="recruiting" data-start="7800" style="cursor:pointer">\u000a       <div class="rowtop"><b>아침 3km 대결</b><span class="wf-badge">모집 중</span></div>\u000a       <div class="meta"><span class="wf-sub">목표 3km · 30분 · 정원 2/6</span><span class="startin"></span></div>\u000a     </div>\u000a     <div class="wf-card" data-status="recruiting" data-start="2700" style="cursor:pointer;margin-top:10px">\u000a       <div class="rowtop"><b>주말 10km 롱런</b><span class="wf-badge">모집 중</span></div>\u000a       <div class="meta"><span class="wf-sub">목표 10km · 90분 · 정원 1/8</span><span class="startin"></span></div>\u000a     </div>\u000a     <div class="wf-card" data-status="recruiting" data-start="240" style="cursor:pointer;margin-top:10px">\u000a       <div class="rowtop"><b>번개 2km 스프린트</b><span class="wf-badge">모집 중</span></div>\u000a       <div class="meta"><span class="wf-sub">목표 2km · 20분 · 정원 3/5</span><span class="startin"></span></div>\u000a     </div>\u000a     <div class="wf-card" data-status="closed" style="cursor:pointer;margin-top:10px">\u000a       <div class="rowtop"><b>퇴근런 5km</b><span class="wf-badge">모집 마감</span></div>\u000a       <div class="meta"><span class="wf-sub">목표 5km · 45분 · 정원 4/4</span></div>\u000a     </div>\u000a     <div class="wf-card" data-status="live" style="cursor:pointer;margin-top:10px">\u000a       <div class="rowtop"><b>새벽 3km</b><span class="wf-badge">경기 중</span></div>\u000a       <div class="meta"><span class="wf-sub">목표 3km · 30분 · 정원 5/5</span></div>\u000a     </div>\u000a   </div>\u000a   <button class="wf-btn wf-btn-primary" id="create">+ 방 만들기</button>\u000a   <div id="note" class="wf-sub" style="text-align:center;min-height:16px"></div>\u000a </main>\u000a <nav class="wf-tabbar"><button class="active">홈</button><button>이력</button><button>내 정보</button></nav>\u000a</div>\u000a<script>\u000a// 시작까지 남은 시간: 1시간 초과면 시간, 1시간 이내면 분 단위\u000afunction fmt(sec){\u000a  if(sec<=0) return ''곧 시작'';\u000a  if(sec>=3600){ return Math.floor(sec/3600)+''시간 후 시작''; }\u000a  return Math.ceil(sec/60)+''분 후 시작'';\u000a}\u000avar cards=[].slice.call(document.querySelectorAll(''#rooms .wf-card[data-start]''));\u000acards.forEach(function(c){ c._sec=parseInt(c.getAttribute(''data-start''),10); });\u000afunction paint(){ cards.forEach(function(c){ c.querySelector(''.startin'').textContent=fmt(c._sec); }); }\u000apaint();\u000asetInterval(function(){ cards.forEach(function(c){ if(c._sec>0) c._sec--; }); paint(); },1000);\u000a\u000avar onlyRec=false;\u000adocument.getElementById(''filter'').addEventListener(''click'',function(){\u000a  onlyRec=!onlyRec; this.classList.toggle(''wf-btn-primary'',onlyRec);\u000a  document.querySelectorAll(''#rooms .wf-card'').forEach(function(c){\u000a    c.style.display=(onlyRec && c.getAttribute(''data-status'')!==''recruiting'')?''none'':'''';\u000a  });\u000a});\u000adocument.querySelectorAll(''#rooms .wf-card'').forEach(function(c){\u000a  c.addEventListener(''click'',function(){\u000a    document.querySelectorAll(''#rooms .wf-card'').forEach(function(x){x.style.borderColor=''var(--wf-line)''});\u000a    c.style.borderColor=''var(--wf-ink)'';\u000a  });\u000a});\u000adocument.querySelectorAll(''.wf-tabbar button'').forEach(function(b){\u000a  b.addEventListener(''click'',function(){\u000a    document.querySelectorAll(''.wf-tabbar button'').forEach(function(x){x.classList.remove(''active'')});\u000a    b.classList.add(''active'');\u000a  });\u000a});\u000adocument.getElementById(''create'').addEventListener(''click'',function(){\u000a  document.getElementById(''note'').textContent=''방 만들기 화면으로 이동 (별도 화면)'';\u000a});\u000a</script>\u000a</body></html>'),2,3,1783511906475);
INSERT INTO Wireframe VALUES('cmrc10f56000t1z181j2kjee7','cmrby3y0000001znnofoo0a53','대기실','html',unistr('<!doctype html><html><head><meta charset="utf-8"><style>\u000a:root{--wf-bg:#f4f4f5;--wf-surface:#fff;--wf-line:#d4d4d8;--wf-ink:#3f3f46;--wf-muted:#a1a1aa;--wf-fill:#e4e4e7;--wf-radius:10px;--wf-gap:12px;}\u000a*{box-sizing:border-box;margin:0;padding:0}\u000abody{background:var(--wf-bg);color:var(--wf-ink);font-size:14px;line-height:1.5;font-family:-apple-system,BlinkMacSystemFont,''Segoe UI'',sans-serif;display:flex;justify-content:center;padding:16px}\u000a.wf{width:100%;max-width:390px;min-height:720px;background:var(--wf-surface);border:1px solid var(--wf-line);border-radius:20px;overflow:hidden;display:flex;flex-direction:column}\u000a.wf-topbar{display:flex;align-items:center;gap:8px;padding:14px 16px;border-bottom:1px solid var(--wf-line);font-weight:600}\u000a.wf-body{flex:1;padding:16px;display:flex;flex-direction:column;gap:var(--wf-gap);overflow:auto}\u000a.wf-title{font-size:18px;font-weight:700}\u000a.wf-sub{color:var(--wf-muted);font-size:13px}\u000a.wf-card{border:1px solid var(--wf-line);border-radius:var(--wf-radius);padding:14px}\u000a.wf-ph{background:var(--wf-fill);border-radius:8px}\u000a.wf-input{width:100%;border:1px solid var(--wf-line);border-radius:8px;padding:10px 12px;background:var(--wf-surface);font:inherit}\u000a.wf-btn{border:1px solid var(--wf-line);border-radius:8px;padding:10px 14px;background:var(--wf-surface);cursor:pointer;font:inherit}\u000a.wf-btn-primary{background:var(--wf-ink);color:#fff;border-color:var(--wf-ink)}\u000a.wf-list{display:flex;flex-direction:column}\u000a.wf-list-item{display:flex;align-items:center;gap:10px;padding:12px 0;border-bottom:1px solid var(--wf-line)}\u000a.wf-avatar{flex:0 0 auto;width:36px;height:36px;border-radius:50%;background:var(--wf-fill)}\u000a.wf-badge{font-size:11px;padding:2px 8px;border-radius:999px;background:var(--wf-fill);color:var(--wf-muted)}\u000a.wf-label{font-size:13px;font-weight:600}\u000a.stats{display:flex;gap:8px}\u000a.stat{flex:1;border:1px solid var(--wf-line);border-radius:var(--wf-radius);padding:10px;text-align:center}\u000a.stat b{display:block;font-size:16px}\u000a.efield{display:flex;align-items:center;justify-content:space-between;gap:8px;margin-bottom:8px}\u000a.efield input{width:110px;text-align:right}\u000a</style></head>\u000a<body data-screen="waiting-room">\u000a<div class="wf">\u000a <header class="wf-topbar">← 대기실</header>\u000a <main class="wf-body">\u000a   <div style="display:flex;justify-content:space-between;align-items:center">\u000a     <div class="wf-title">아침 3km 대결</div><span class="wf-badge">모집 중</span>\u000a   </div>\u000a   <div class="wf-card" style="text-align:center">\u000a     <div class="wf-sub">시작까지</div>\u000a     <div style="font-size:28px;font-weight:700" id="cd">09:58</div>\u000a   </div>\u000a   <div class="stats">\u000a     <div class="stat"><span class="wf-sub">목표 거리</span><b id="sGoal">3.0km</b></div>\u000a     <div class="stat"><span class="wf-sub">제한 시간</span><b id="sLimit">30분</b></div>\u000a     <div class="stat"><span class="wf-sub">완주 기준 페이스</span><b id="sPace">10''00"</b><span class="wf-sub">/km</span></div>\u000a   </div>\u000a   <div class="wf-sub" style="margin-top:-4px">제한 시간 내 완주하려면 평균 <span id="paceInline">10''00"</span>/km 이상 유지해야 합니다.</div>\u000a   <div style="display:flex;justify-content:space-between;align-items:center">\u000a     <span class="wf-label">참가자</span><span class="wf-sub" id="count">3 / 6</span>\u000a   </div>\u000a   <div class="wf-list" id="plist">\u000a     <div class="wf-list-item"><div class="wf-avatar"></div><b style="flex:1">나 (방장)</b><span class="wf-badge">HOST</span></div>\u000a     <div class="wf-list-item"><div class="wf-avatar"></div><span style="flex:1">러너_김</span><button class="wf-btn kick" style="padding:4px 10px;font-size:12px">강퇴</button></div>\u000a     <div class="wf-list-item"><div class="wf-avatar"></div><span style="flex:1">러너_이</span><button class="wf-btn kick" style="padding:4px 10px;font-size:12px">강퇴</button></div>\u000a   </div>\u000a   <button class="wf-btn" id="editToggle">조건 수정 (방장)</button>\u000a   <div class="wf-card" id="editBox" style="display:none">\u000a     <div class="wf-label" style="margin-bottom:8px">조건 수정 — 모집 중에만 가능</div>\u000a     <div class="efield"><span>목표 거리 (km)</span><input class="wf-input" id="eGoal" type="number" step="0.5" value="3"></div>\u000a     <div class="efield"><span>제한 시간 (분)</span><input class="wf-input" id="eLimit" type="number" value="30"></div>\u000a     <div class="efield"><span>최대 인원</span><input class="wf-input" id="eCap" type="number" value="6"></div>\u000a     <div class="wf-sub">→ 완주 기준 페이스 <b id="ePace">10''00"</b>/km</div>\u000a   </div>\u000a   <div style="flex:1"></div>\u000a   <button class="wf-btn wf-btn-primary" disabled style="opacity:.6">시작 시간에 자동 시작</button>\u000a </main>\u000a</div>\u000a<script>\u000afunction pad(n){return (n<10?''0'':'''')+n;}\u000a// 평균(완주 기준) 페이스 = 제한시간 / 목표거리 → 분:초 per km\u000afunction pace(goalKm,limitMin){\u000a  if(!goalKm||goalKm<=0) return "--''--\\"";\u000a  var sec=Math.round(limitMin*60/goalKm);\u000a  return Math.floor(sec/60)+"''"+pad(sec%60)+''"'';\u000a}\u000afunction applyTop(goalKm,limitMin){\u000a  var p=pace(goalKm,limitMin);\u000a  document.getElementById(''sGoal'').textContent=goalKm.toFixed(1)+''km'';\u000a  document.getElementById(''sLimit'').textContent=limitMin+''분'';\u000a  document.getElementById(''sPace'').textContent=p;\u000a  document.getElementById(''paceInline'').textContent=p;\u000a}\u000aapplyTop(3,30);\u000a\u000a// 카운트다운\u000avar t=598,cd=document.getElementById(''cd'');\u000asetInterval(function(){ if(t>0){t--; cd.textContent=pad(Math.floor(t/60))+'':''+pad(t%60);} },1000);\u000a\u000a// 강퇴\u000afunction refresh(){ document.getElementById(''count'').textContent=document.querySelectorAll(''#plist .wf-list-item'').length+'' / ''+(document.getElementById(''eCap'').value||6); }\u000adocument.querySelectorAll(''.kick'').forEach(function(b){\u000a  b.addEventListener(''click'',function(){ b.closest(''.wf-list-item'').remove(); refresh(); });\u000a});\u000a\u000a// 조건 수정 → 페이스 실시간 재계산\u000adocument.getElementById(''editToggle'').addEventListener(''click'',function(){\u000a  var e=document.getElementById(''editBox''); var open=e.style.display===''none'';\u000a  e.style.display=open?''block'':''none''; this.classList.toggle(''wf-btn-primary'',open);\u000a});\u000afunction recalc(){\u000a  var g=parseFloat(document.getElementById(''eGoal'').value),l=parseFloat(document.getElementById(''eLimit'').value);\u000a  document.getElementById(''ePace'').textContent=pace(g,l);\u000a  if(g>0&&l>0) applyTop(g,l);\u000a  refresh();\u000a}\u000a[''eGoal'',''eLimit'',''eCap''].forEach(function(id){ document.getElementById(id).addEventListener(''input'',recalc); });\u000a</script>\u000a</body></html>'),4,2,1783512026538);
INSERT INTO Wireframe VALUES('cmrc4vptd00131z187d1yy2m7','cmrby3y0000001znnofoo0a53','온보딩 (약관 동의)','html',unistr('<!doctype html><html><head><meta charset="utf-8"><style>\u000a:root{--wf-bg:#f4f4f5;--wf-surface:#fff;--wf-line:#d4d4d8;--wf-ink:#3f3f46;--wf-muted:#a1a1aa;--wf-fill:#e4e4e7;--wf-radius:10px;--wf-gap:12px;}\u000a*{box-sizing:border-box;margin:0;padding:0}\u000abody{background:var(--wf-bg);color:var(--wf-ink);font-size:14px;line-height:1.5;font-family:-apple-system,BlinkMacSystemFont,''Segoe UI'',sans-serif;display:flex;justify-content:center;padding:16px}\u000a.wf{width:100%;max-width:390px;min-height:720px;background:var(--wf-surface);border:1px solid var(--wf-line);border-radius:20px;overflow:hidden;display:flex;flex-direction:column}\u000a.wf-topbar{display:flex;align-items:center;gap:8px;padding:14px 16px;border-bottom:1px solid var(--wf-line);font-weight:600}\u000a.wf-body{flex:1;padding:16px;display:flex;flex-direction:column;gap:var(--wf-gap);overflow:auto}\u000a.wf-title{font-size:18px;font-weight:700}\u000a.wf-sub{color:var(--wf-muted);font-size:13px}\u000a.wf-card{border:1px solid var(--wf-line);border-radius:var(--wf-radius);padding:14px}\u000a.wf-ph{background:var(--wf-fill);border-radius:8px}\u000a.wf-input{width:100%;border:1px solid var(--wf-line);border-radius:8px;padding:10px 12px;background:var(--wf-surface);font:inherit}\u000a.wf-btn{border:1px solid var(--wf-line);border-radius:8px;padding:12px 14px;background:var(--wf-surface);cursor:pointer;font:inherit}\u000a.wf-btn-primary{background:var(--wf-ink);color:#fff;border-color:var(--wf-ink)}\u000a.wf-btn:disabled{opacity:.45;cursor:not-allowed}\u000a.wf-label{font-size:13px;font-weight:600}\u000a.cbox{width:22px;height:22px;border:1px solid var(--wf-line);border-radius:6px;flex:0 0 auto;display:flex;align-items:center;justify-content:center;color:transparent;font-size:13px}\u000a.cbox.on{background:var(--wf-ink);border-color:var(--wf-ink);color:#fff}\u000a.allrow{display:flex;align-items:center;gap:10px;cursor:pointer;padding:2px 0}\u000a.allrow .txt{flex:1;font-weight:700}\u000a.agree{border-bottom:1px solid var(--wf-line)}\u000a.agree-row{display:flex;align-items:center;gap:10px;padding:12px 0;cursor:pointer}\u000a.agree-row .txt{flex:1}\u000a.tag{font-size:11px;font-weight:700;margin-right:4px}\u000a.req{color:var(--wf-ink)}\u000a.opt{color:var(--wf-muted)}\u000a.view{font-size:12px;color:var(--wf-ink);text-decoration:underline;background:none;border:none;cursor:pointer;flex:0 0 auto}\u000a.terms-body{display:none;background:var(--wf-fill);border-radius:8px;padding:10px;margin-bottom:12px}\u000a.hint{color:var(--wf-muted);font-size:12px;min-height:16px;text-align:center}\u000a</style></head>\u000a<body data-screen="onboarding">\u000a<div class="wf">\u000a <header class="wf-topbar">환영합니다 👋</header>\u000a <main class="wf-body">\u000a   <div>\u000a     <div class="wf-title">시작하기 전에</div>\u000a     <div class="wf-sub">닉네임을 정하고 약관에 동의해 주세요.</div>\u000a   </div>\u000a\u000a   <div>\u000a     <div class="wf-label" style="margin-bottom:6px">닉네임</div>\u000a     <input class="wf-input" id="nick" placeholder="예: 달리는너구리" maxlength="16">\u000a   </div>\u000a\u000a   <div class="wf-card">\u000a     <div class="allrow" id="all">\u000a       <span class="cbox" id="allbox">✓</span>\u000a       <span class="txt">약관 전체 동의</span>\u000a     </div>\u000a     <div class="wf-sub" style="margin-left:32px">필수·선택 약관에 모두 동의합니다.</div>\u000a   </div>\u000a\u000a   <div id="list">\u000a     <div class="agree" data-required="1">\u000a       <div class="agree-row"><span class="cbox">✓</span><span class="txt"><span class="tag req">[필수]</span>서비스 이용약관</span><button class="view">보기</button></div>\u000a       <div class="terms-body"><div class="wf-ph" style="height:8px;width:90%;margin-bottom:6px"></div><div class="wf-ph" style="height:8px;width:100%;margin-bottom:6px"></div><div class="wf-ph" style="height:8px;width:75%"></div></div>\u000a     </div>\u000a     <div class="agree" data-required="1">\u000a       <div class="agree-row"><span class="cbox">✓</span><span class="txt"><span class="tag req">[필수]</span>개인정보 수집·이용 동의</span><button class="view">보기</button></div>\u000a       <div class="terms-body"><div class="wf-ph" style="height:8px;width:85%;margin-bottom:6px"></div><div class="wf-ph" style="height:8px;width:100%;margin-bottom:6px"></div><div class="wf-ph" style="height:8px;width:60%"></div></div>\u000a     </div>\u000a     <div class="agree" data-required="1">\u000a       <div class="agree-row"><span class="cbox">✓</span><span class="txt"><span class="tag req">[필수]</span>위치기반서비스 이용약관</span><button class="view">보기</button></div>\u000a       <div class="terms-body"><div class="wf-sub" style="margin-bottom:6px">경주 중 실시간 위치·거리 수집에 대한 동의입니다.</div><div class="wf-ph" style="height:8px;width:95%;margin-bottom:6px"></div><div class="wf-ph" style="height:8px;width:70%"></div></div>\u000a     </div>\u000a     <div class="agree" data-required="0">\u000a       <div class="agree-row"><span class="cbox">✓</span><span class="txt"><span class="tag opt">[선택]</span>마케팅 정보 수신</span><button class="view">보기</button></div>\u000a       <div class="terms-body"><div class="wf-ph" style="height:8px;width:80%;margin-bottom:6px"></div><div class="wf-ph" style="height:8px;width:65%"></div></div>\u000a     </div>\u000a   </div>\u000a\u000a   <div style="flex:1"></div>\u000a   <div class="hint" id="hint">필수 약관 동의와 닉네임을 입력해야 시작할 수 있어요.</div>\u000a   <button class="wf-btn wf-btn-primary" id="go" disabled>시작하기</button>\u000a </main>\u000a</div>\u000a<script>\u000avar boxes=[].slice.call(document.querySelectorAll(''#list .agree''));\u000afunction setBox(agree,on){ agree.querySelector(''.cbox'').classList.toggle(''on'',on); }\u000afunction isOn(agree){ return agree.querySelector(''.cbox'').classList.contains(''on''); }\u000a\u000a// 개별 약관 체크 토글 (보기 버튼은 제외)\u000aboxes.forEach(function(a){\u000a  a.querySelector(''.agree-row'').addEventListener(''click'',function(e){\u000a    if(e.target.classList.contains(''view'')) return;\u000a    setBox(a,!isOn(a)); sync();\u000a  });\u000a  a.querySelector(''.view'').addEventListener(''click'',function(e){\u000a    e.stopPropagation();\u000a    var b=a.querySelector(''.terms-body'');\u000a    b.style.display=b.style.display===''block''?''none'':''block'';\u000a  });\u000a});\u000a\u000a// 전체 동의\u000adocument.getElementById(''all'').addEventListener(''click'',function(){\u000a  var target=!document.getElementById(''allbox'').classList.contains(''on'');\u000a  boxes.forEach(function(a){ setBox(a,target); });\u000a  sync();\u000a});\u000a\u000adocument.getElementById(''nick'').addEventListener(''input'',sync);\u000a\u000afunction sync(){\u000a  var allOn=boxes.every(isOn);\u000a  document.getElementById(''allbox'').classList.toggle(''on'',allOn);\u000a  var reqOk=boxes.filter(function(a){return a.getAttribute(''data-required'')===''1'';}).every(isOn);\u000a  var nickOk=document.getElementById(''nick'').value.trim().length>0;\u000a  var ok=reqOk&&nickOk;\u000a  document.getElementById(''go'').disabled=!ok;\u000a  document.getElementById(''hint'').textContent = ok ? ''모든 준비가 끝났어요!'' :\u000a    (!nickOk ? ''닉네임을 입력해 주세요.'' : ''필수 약관에 모두 동의해야 시작할 수 있어요.'');\u000a}\u000adocument.getElementById(''go'').addEventListener(''click'',function(){\u000a  document.getElementById(''hint'').textContent=''가입 완료 — 홈으로 이동합니다 ✓'';\u000a});\u000async();\u000a</script>\u000a</body></html>'),0,1,1783518525554);
CREATE UNIQUE INDEX "Project_repoPath_key" ON "Project"("repoPath");
CREATE INDEX "Plan_projectId_idx" ON "Plan"("projectId");
CREATE INDEX "Issue_projectId_idx" ON "Issue"("projectId");
CREATE INDEX "Issue_parentId_idx" ON "Issue"("parentId");
CREATE INDEX "Issue_planId_idx" ON "Issue"("planId");
CREATE INDEX "Issue_domainId_idx" ON "Issue"("domainId");
CREATE INDEX "Domain_projectId_idx" ON "Domain"("projectId");
CREATE UNIQUE INDEX "Domain_projectId_name_key" ON "Domain"("projectId", "name");
CREATE INDEX "PlanVersion_planId_idx" ON "PlanVersion"("planId");
CREATE UNIQUE INDEX "PlanVersion_planId_version_key" ON "PlanVersion"("planId", "version");
CREATE INDEX "Wireframe_projectId_idx" ON "Wireframe"("projectId");
CREATE INDEX "Wireframe_projectId_name_idx" ON "Wireframe"("projectId", "name");
COMMIT;
